0,0,234.052344572747,-234.052344572747
1,0.5,232.519646424263,-228.496420161751
2,1,235.943454511078,-227.847945510551
3,1.5,241.549665547092,-229.22207370602
4,2,242.078075235945,-225.741457180687
5,2.5,239.61513446329,-219.56681747509
6,3,257.128109615178,-231.519189800165
7,3.5,241.163742094059,-213.363655525467
8,4,252.072999794406,-219.123715682829
9,4.5,266.142087960011,-227.306816915564
10,5,264.285332876047,-221.761725341856
11,5.5,273.926727102641,-225.807768198606
12,6,285.989713816165,-231.58990390634
13,6.5,291.130234349098,-231.575444829194
14,7,295.504032602521,-230.873053247122
15,7.5,291.954029227175,-224.024205875209
16,8,299.488316267735,-225.680633682018
17,8.5,293.407754125284,-217.11031716424
18,9,314.707610811855,-228.648463141772
19,9.5,313.434474567183,-223.570637948712
20,10,319.469297272707,-223.694810176908
21,10.5,324.705718317074,-223.164057348384
22,11,339.076367175012,-228.709897519535
23,11.5,342.727072869606,-226.846100963256
24,12,337.14556831406,-218.944892076041
25,12.5,353.381015795599,-225.128535897319
26,13,357.876296578012,-223.625929506412
27,13.5,369.193191165322,-226.241878522006
28,14,376.296445008227,-226.101714885514
29,14.5,379.978459754713,-223.824418065671
30,15,386.24733008786,-223
31,15.5,396.011841652654,-224.052719847077
32,16,405.82354411268,-224.9516637943
33,16.5,420.074579852419,-228.081887404093
34,17,425.580739758003,-226.285293262799
35,17.5,428.426232425081,-223.024580192521
36,18,450.849301239314,-229.719192868211
37,18.5,459.101327501839,-228.899478125332
38,19,465.575315982969,-227.076254036742
39,19.5,477.467615421076,-227.740370211588
40,20,485.780973851644,-226.523388293015
41,20.5,519.587885670506,-236.789841556712
42,21,514.326092652784,-228.992730051675
43,21.5,493.378320019197,-214.526999081782
44,22,488.788077183246,-207.478229227804
45,22.5,505.362104283674,-209.327837503704
46,23,493.261810629531,-199.290707697265
47,23.5,494.051728598455,-194.612151390602
48,24,496.664786896511,-190.6517491581
49,24.5,504.866310004886,-188.761778498853
50,25,482.062314463171,-175.456333526068
51,25.5,495.829424314486,-175.582407956963
52,26,514.362105126028,-177.109076024693
53,26.5,501.663213604079,-167.854163238294
54,27,484.087766794233,-157.289650136848
55,27.5,488.303078783092,-153.961369346188
56,28,491.540644565,-150.279056227487
57,28.5,498.58626213146,-147.68797924604
58,29,491.204726624481,-140.850688822487
59,29.5,482.77885705752,-133.886426415207
60,30,479.099209839378,-128.37424637085
61,30.5,479.233081987163,-123.938102006949
62,31,493.880524674482,-123.138244860231
63,31.5,489.102069960031,-117.42301801952
64,32,481.338812003906,-111.125820845869
65,32.5,484.242819531487,-107.354048513299
66,33,497.877128773507,-105.827050626239
67,33.5,491.922201719656,-100.082703077433
68,34,489.831964540384,-95.2136886928959
69,34.5,484.74466942903,-89.8421140676287
70,35,483.540606728994,-85.2612552344628
71,35.5,481.307373550169,-80.5432316600107
72,36,489.893416935188,-77.5914946599545
73,36.5,483.628757183977,-72.2788020423796
74,37,483.250817545886,-67.9164732685119
75,37.5,479.859312904924,-63.174677034505
76,38,504.213445033792,-61.9096264498149
77,38.5,492.811640415587,-56.1487940288817
78,39,479.359553567508,-50.382719295009
79,39.5,502.675080175425,-48.4021050227131
80,40,489.131596763047,-42.7934696891002
81,40.5,475.529568190702,-37.424988662182
82,41,490.801512727833,-34.3201850821096
83,41.5,474.114029250387,-28.998056279057
84,42,472.351769938913,-24.7549073029124
85,42.5,479.543146359292,-20.9373059353613
86,43,500.694804336567,-17.484647847953
87,43.5,475.836886688365,-12.4602273945476
88,44,488.925522931475,-8.53422674783164
89,44.5,486.981456532251,-4.24982278770811
90,45,480,0
91,45.5,492.981228070636,4.30218200069835
92,46,472.927959808973,8.2549882448351
93,46.5,487.832774588072,12.7743507742421
94,47,492.699677720414,17.205451874333
95,47.5,486.536483910365,21.2426416469186
96,48,482.338065286459,25.2782668653419
97,48.5,502.061803606199,30.707415386033
98,49,480.825872225235,33.6226203446684
99,49.5,483.504906860567,38.0526614280048
100,50,499.093543743965,43.6650271165767
101,50.5,488.739533398285,47.06026448743
102,51,493.282860102664,51.8461177807561
103,51.5,493.805212271264,56.2619972426496
104,52,490.317798910813,60.2034556421429
105,52.5,479.859312904924,63.174677034505
106,53,480.280013339662,67.4989539656317
107,53.5,490.551868227511,73.3134679202869
108,54,476.065780166856,75.4014121493913
109,54.5,491.170229565541,82.1937077186175
110,55,482.555798975982,85.0876070567959
111,55.5,485.727924336594,90.0243495931208
112,56,488.850337356937,95.0228796975193
113,56.5,490.942277015036,99.8833351430158
114,57,478.314176758831,101.668816809884
115,57.5,486.195411545727,107.786927741175
116,58,486.210662327832,112.250576117589
117,58.5,511.466578129178,122.792261388206
118,59,509.405256294898,127.008995189826
119,59.5,487.946410750566,126.191522043438
120,60,482.962913144534,129.40952255126
121,60.5,497.233313855649,137.895002056381
122,61,491.204726624481,140.850688822487
123,61.5,485.162785843306,143.711764420185
124,62,481.97759700537,147.355339180259
125,62.5,490.210512684589,154.562780945196
126,63,505.011010152727,164.088024013097
127,63.5,491.231653396811,164.363812017838
128,64,479.377917828854,165.063054309778
129,64.5,500.542631769947,177.251442253132
130,65,490.519548050244,178.534514815999
131,65.5,501.119621247893,187.360948973815
132,66,485.461821778545,186.351333763556
133,66.5,492.190893462491,193.879148937153
134,67,483.062788229296,195.17003516969
135,67.5,483.188995503403,200.143435126942
136,68,483.265048062531,205.133842456869
137,68.5,494.295380093582,214.925748150708
138,69,487.833274381149,217.197367402477
139,69.5,491.379086273333,223.934351034369
140,70,485.780973851644,226.523388293015
141,70.5,481.980541842826,229.89292569563
142,71,504.223459973833,245.926213348672
143,71.5,493.108833242716,245.854995023505
144,72,503.418686166428,256.504632352844
145,72.5,495.839055746626,258.117474798384
146,73,490.035914036704,260.556717346169
147,73.5,492.137583090701,267.208905745381
148,74,494.160134533759,273.91743543918
149,74.5,494.362035293863,279.696582138769
150,75,487.572302330639,281.5
151,75.5,500.606542216527,294.879788880169
152,76,502.300038211438,301.812311897292
153,76.5,486.004893681833,297.824181888091
154,77,502.892521020761,314.242123690291
155,77.5,495.070778692164,315.394870099586
156,78,502.363670199309,326.238781974001
157,78.5,498.663721596167,330.058317216611
158,79,495.764468387915,334.397356275507
159,79.5,491.179208418721,337.5781172072
160,80,492.310378617684,344.719438246979
161,80.5,498.238697234067,355.390208895095
162,81,498.354468534968,362.075715412163
163,81.5,503.214394746378,372.35906450634
164,82,494.355380719274,372.523499331118
165,82.5,499.812604383478,383.519700275494
166,83,499.598817786662,390.329375356467
167,83.5,487.564881719054,387.826618625237
168,84,498.150561293918,403.394370662946
169,84.5,497.697856285079,410.270452079158
170,85,497.928888027336,417.811946296251
171,85.5,489.70144184642,418.244543124638
172,86,498.10832294703,432.998959133735
173,86.5,493.561819999952,436.666611774171
174,87,504.595336499151,454.339681717665
175,87.5,502.823143704505,460.75252159388
176,88,487.812918979987,454.892906161686
177,88.5,496.156069772405,470.834529774528
178,89,497.063802034008,480.008933987167
179,89.5,496.42231261131,487.832847952696
180,90,499.217387517703,499.217387517702
181,90.5,489.234666481296,497.848813509619
182,91,488.344834432675,505.695879638072
183,91.5,491.48516704534,517.917300902773
184,92,491.720817605061,527.306018867422
185,92.5,487.776129898507,532.31423717691
186,93,492.48012628012,546.954591551362
187,93.5,488.350975534999,551.980366221494
188,94,489.420035626918,563.013346846188
189,94.5,487.735484295968,571.064880165623
190,95,487.875795752083,581.427732327304
191,95.5,496.777090036934,602.638799625809
192,96,484.576701108375,598.402390321868
193,96.5,480.581299484242,604.173497090064
194,97,493.760503211178,631.984624392591
195,97.5,493.705518926072,643.409558976192
196,98,492.886503961528,654.082482728733
197,98.5,490.728799069857,663.181910009204
198,99,493.739611925677,679.574275274956
199,99.5,498.243135999986,698.511114749722
200,100,490.407853080144,700.374997867088
201,100.5,476.914051490709,693.914250819737
202,101,487.616211826491,722.920763267996
203,101.5,484.600673103987,732.151751774974
204,102,487.451936338449,750.610158311154
205,102.5,488.405343987263,766.642824243913
206,103,489.115480887248,782.748392752381
207,103.5,488.536158009412,797.218553671076
208,104,493.921513838742,822.023441373326
209,104.5,478.101137908983,811.654669135917
210,105,470.5,814.929904961157
211,105.5,461.893299377052,816.393642791626
212,106,450.388137208847,812.521707932499
213,106.5,446.620599602993,822.5728174516
214,107,433.322252451377,814.96062820879
215,107.5,424.346975562996,815.162955690786
216,108,419.487221759341,823.290028350052
217,108.5,406.040009929926,814.390269057843
218,109,392.342176376224,804.420671437755
219,109.5,389.182031514699,815.937097052274
220,110,381.624290351852,818.395931694095
221,110.5,372.394531905303,817.145221247136
222,111,365.656242125144,821.277366420698
223,111.5,352.892925998843,811.598165830835
224,112,353.220940154304,832.136387521006
225,112.5,343.267038831486,828.719940662624
226,113,329.279195612587,814.994608164206
227,113.5,318.856067250139,809.463284144361
228,114,317.872371246681,828.085838303018
229,114.5,306.431458602034,819.588165592348
230,115,297.899544836658,818.472272704526
231,115.5,293.416229266485,828.581870670025
232,116,284.546566995555,826.383235073803
233,116.5,278.276183667266,831.679845615837
234,117,268.535768111829,826.468112660488
235,117.5,258.606987573675,820.196577643475
236,118,251.147294356831,821.465785372247
237,118.5,246.525319203005,832.255529865592
238,119,237.323763358436,827.646320202893
239,119.5,226.083666162205,815.231363414495
240,120,221.549102607758,826.832507303443
241,120.5,213.323763454384,824.861789602148
242,121,207.327064528915,831.543437418529
243,121.5,198.195113913664,825.542062417627
244,122,189.18383670319,819.445224484383
245,122.5,181.592836094068,819.112349973624
246,123,178.388230721638,839.250641429605
247,123.5,167.668432844863,824.116676586118
248,124,160.088747120921,823.58520691259
249,124.5,152.166663785943,821.017847815902
250,125,145.343524707221,824.284089271218
251,125.5,139.465226952273,833.41133329896
252,126,130.935647238673,826.69514107813
253,126.5,124.455524171132,832.751356950734
254,127,116.627058604535,829.844641605436
255,127.5,109.250422888183,829.839348969879
256,128,102.492117803729,834.731313530352
257,128.5,95.3171059925774,836.587502479687
258,129,87.5948522182936,833.409348318613
259,129.5,80.9896608795893,841.109787620266
260,130,73.0365124225375,834.811157000883
261,130.5,65.5918040284784,833.422891000895
262,131,57.4095778914152,820.995213363835
263,131.5,50.0598024185827,818.470534705931
264,132,43.5958515503723,831.85840245056
265,132.5,36.5094272247864,836.203361464015
266,133,28.7920847795634,824.497432290754
267,133.5,21.5698054056875,823.717635779859
268,134,14.4854973429452,829.873586979805
269,134.5,7.34774288963082,841.967939220032
270,135,5.02700908244086E-14,821
271,135.5,-7.20811832165674,825.968548451006
272,136,-14.5553069686944,833.87297776043
273,136.5,-21.8053979404582,832.714551704639
274,137,-29.5598737070181,846.484030485174
275,137.5,-35.8987558016714,822.216686361869
276,138,-43.7005234628579,833.855661520069
277,138.5,-51.0976275906753,835.438826279103
278,139,-58.9442203137859,842.941622469551
279,139.5,-66.4548540814846,844.388981671959
280,140,-73.2108239080329,836.803546397066
281,140.5,-80.4145863644679,835.137410430063
282,141,-88.5356083877024,842.360045376928
283,141.5,-95.7699188476491,840.561789902393
284,142,-102.857725833944,837.708951985276
285,142.5,-112.252525309244,852.642580781477
286,143,-119.271347522776,848.659734911526
287,143.5,-123.716477115484,827.806277633924
288,144,-132.499991889076,836.572024484082
289,144.5,-139.465226952273,833.411333298961
290,145,-146.385413773222,830.192935789291
291,145.5,-155.446903244802,838.716436152053
292,146,-160.661174107051,826.530088462933
293,146.5,-170.858319795538,839.795471860051
294,147,-180.259435938997,848.053969836209
295,147.5,-185.705188758892,837.661974108903
296,148,-193.682857790068,838.932625780088
297,148.5,-201.696794371502,840.127611223593
298,149,-209.020517798113,838.335507502461
299,149.5,-218.581743539527,845.192890050088
300,150,-225.431388284296,841.321394697778
301,150.5,-232.764625564162,839.322124744711
302,151,-243.112147830593,847.832815817597
303,151.5,-249.08145730534,840.884907479405
304,152,-254.071011404058,831.028832931878
305,152.5,-264.019691964752,837.363482756943
306,153,-273.171023027453,840.733960404916
307,153.5,-283.353058169747,846.853024099136
308,154,-292.034634548069,848.130162312587
309,154.5,-297.755718436524,840.836210054223
310,155,-305.423987989822,839.145510361816
311,155.5,-315.53685051478,843.941642512806
312,156,-325.039730237587,846.757446832962
313,156.5,-326.186091784625,828.071635504002
314,157,-339.0189670414,839.101388382943
315,157.5,-350.538024046422,846.273651780339
316,158,-360.6448315956,849.625979736603
317,158.5,-367.247892480152,844.612328508699
318,159,-375.417921558963,843.202457404121
319,159.5,-385.664715670302,846.263981915185
320,160,-396.415929512776,850.116704240378
321,160.5,-399.944808934906,838.50172916102
322,161,-411.630506834944,843.967609474918
323,161.5,-426.118911519867,854.662315329934
324,162,-428.567031754132,841.110158833819
325,162.5,-436.352439507107,838.22523735342
326,163,-451.631643400027,849.395584330288
327,163.5,-459.981044890263,847.179696606135
328,164,-471.23495087944,850.130355339493
329,164.5,-474.696311939742,839.022890886063
330,165,-483.5,837.446565459552
331,165.5,-498.910210790372,846.98146471402
332,166,-516.068151059874,858.881635303517
333,166.5,-523.021063280665,853.492804518446
334,167,-534.688537611304,855.680529021834
335,167.5,-543.747203646985,853.51214316264
336,168,-553.353259575268,852.089297032551
337,168.5,-557.456355165179,842.22468028784
338,169,-552.482588629098,819.089121684381
339,169.5,-554.511705949411,806.819538660954
340,170,-544.324038097143,777.375290030253
341,170.5,-554.571322703947,777.480320030285
342,171,-558.395989677849,768.5661446562
343,171.5,-544.857672664229,736.332884325371
344,172,-553.068006276732,733.946033733462
345,172.5,-550.929093252892,717.984772963568
346,173,-555.326650743744,710.785699753263
347,173.5,-556.528085154032,699.651692226058
348,174,-544.991458649159,673.008402621737
349,174.5,-550.207660540266,667.455264630378
350,175,-547.012255843245,651.90382109425
351,175.5,-548.134152790675,641.782634966426
352,176,-561.586528815874,646.031400670693
353,176.5,-550.637260067278,622.382203975661
354,177,-556.047533884211,617.553349971715
355,177.5,-560.064282113382,611.202912215593
356,178,-556.510661810999,596.784620521243
357,178.5,-554.813788009166,584.651743035904
358,179,-574.482472369591,594.894014880065
359,179.5,-574.745596725878,584.865368306429
360,180,-571.34227919873,571.34227919873
361,180.5,-571.34227919873,571.34227919873
362,181,-559.188352136878,549.512863211083
363,181.5,-565.40108306618,546.001479180772
364,182,-562.165137534523,533.474796162659
365,182.5,-557.291520633808,519.682750367624
366,183,-568.440826680606,520.880050071674
367,183.5,-565.533212188297,509.208391439091
368,184,-566.959480637275,501.603376499313
369,184.5,-566.032185167079,492.04427174288
370,185,-564.221226475223,481.890451860996
371,185.5,-566.872887908044,475.662831168039
372,186,-563.285945873036,464.337100802768
373,186.5,-568.870843786503,460.662526248481
374,187,-562.695264776886,447.588023742448
375,187.5,-569.73177485766,445.123246660451
376,188,-568.834344988816,436.481944599253
377,188.5,-568.628483153673,428.492296484258
378,189,-568.326800456373,420.539710233198
379,189.5,-561.457794096214,407.922965090976
380,190,-570.69497836778,407.072771953369
381,190.5,-570.129822825138,399.209199700328
382,191,-573.591827280923,394.218740899684
383,191.5,-572.864962635534,386.402296298286
384,192,-566.208473183607,374.765213026887
385,192.5,-559.393268819598,363.274236355023
386,193,-574.349574598575,365.901033284187
387,193.5,-570.736368713275,356.635664828947
388,194,-564.447788802409,345.894049841958
389,194.5,-590.588270183755,354.861233613027
390,195,-575.568279174939,339.03562645775
391,195.5,-574.174842709083,331.5
392,196,-561.379423881235,317.613196266736
393,196.5,-568.502809640607,315.126253160119
394,197,-573.867574568263,311.584670449524
395,197.5,-591.574887215481,314.545947066547
396,198,-579.218074065379,301.521844442477
397,198.5,-595.19235815783,303.265653826017
398,199,-579.917466318112,289.136182895156
399,199.5,-580.620953909262,283.187760825744
400,200,-564.115802718663,269.069435505184
401,200.5,-582.755907064566,271.74354229927
402,201,-576.005484464852,262.500822601399
403,201.5,-573.706547399553,255.430611851602
404,202,-584.167267383324,254.003156905382
405,202.5,-584.5205819423,248.114266590689
406,203,-578.348587352065,239.559828660546
407,203.5,-576.708357540542,233.005301104697
408,204,-568.485134037017,223.932249528546
409,204.5,-582.554186134254,223.621600516267
410,205,-588.230134847994,219.930235430946
411,205.5,-587.307887991193,213.762589578543
412,206,-580.667158512782,205.625025288003
413,206.5,-577.711849691183,198.922142373323
414,207,-584.167371607019,195.459668345537
415,207.5,-585.850814037815,190.354468534968
416,208,-582.721056907167,183.731243497111
417,208.5,-572.826548821858,175.130651128919
418,209,-580.085939595257,171.829283545873
419,209.5,-570.989447387361,163.728589355298
420,210,-581.0691632848,161.144740775189
421,210.5,-566.998460031683,151.92677947518
422,211,-575.079698384596,148.725722408338
423,211.5,-593.82098448091,148.056200106997
424,212,-583.421952238606,140.067218313543
425,212.5,-581.698928676785,134.295779443287
426,213,-577.967236215001,128.132251451357
427,213.5,-592.757446044686,125.994484635562
428,214,-585.015048658635,119.022656847067
429,214.5,-584.06817415136,113.531352249044
430,215,-574.22086601735,106.425546887414
431,215.5,-575.127727759129,101.410535757487
432,216,-588.812504117727,98.5334206988245
433,216.5,-582.736120951131,92.2963343737362
434,217,-581.541327656807,86.9119337442111
435,217.5,-571.384675663886,80.3028792539578
436,218,-583.961023349174,76.8799272176104
437,218.5,-572.699129497043,70.3186111447701
438,219,-584.220251137833,66.5634896955292
439,219.5,-569.861046046021,59.8948094523654
440,220,-594.251530425206,57.2199142545737
441,220.5,-586.758677176038,51.3347324783707
442,221,-567.24596289415,44.6432254691438
443,221.5,-588.562789653296,41.1563195090339
444,222,-582.91072227837,35.6523470883564
445,222.5,-573.213352949125,30.0408388834498
446,223,-567.459389858495,24.7758120235108
447,223.5,-566.654598919827,19.788014630318
448,224,-580.800905810799,15.2088069668743
449,224.5,-568.913338543987,9.93041926281432
450,225,-566.978410377385,4.94794562757802
451,225.5,-599,0
452,226,-605.976925376888,-5.2882805120146
453,226.5,-586.910597056802,-10.2445625786854
454,227,-569.804675236068,-14.9208605354877
455,227.5,-577.647898017037,-20.1719090940456
456,228,-574.452727409568,-25.0811477350682
457,228.5,-587.194166435689,-30.773542270851
458,229,-573.927509092573,-35.1029102325427
459,229.5,-576.592021050178,-40.3192418241044
460,230,-595.159648238677,-46.8400801495234
461,230.5,-595.724429458864,-52.1191341630996
462,231,-606.196284805612,-58.3700632848164
463,231.5,-573.839133627494,-60.312923305436
464,232,-572.297388869714,-65.2050511303143
465,232.5,-597.512783288076,-73.3653447298988
466,233,-586.935357933296,-77.2715057942705
467,233.5,-586.23869669501,-82.3904757683587
468,234,-601.321644924045,-89.8681219668033
469,234.5,-592.613004357083,-93.8606790241385
470,235,-588.812504117727,-98.5334206988245
471,235.5,-590.884651807325,-104.188906600158
472,236,-574.22086601735,-106.425546887414
473,236.5,-583.086546967912,-113.340543253668
474,237,-596.774145114085,-121.415072060073
475,237.5,-587.866708041017,-124.954926181473
476,238,-580.89612423636,-128.781570293171
477,238.5,-578.77581848243,-133.620926280256
478,239,-594.11802136298,-142.635117315958
479,239.5,-592.850688754634,-147.814278211397
480,240,-591.538208271024,-152.982182477264
481,240.5,-602.737715604379,-161.503084143973
482,241,-582.996424191217,-161.679217527345
483,241.5,-579.640802650806,-166.20932555765
484,242,-586.797677739334,-173.817390958801
485,242.5,-578.564377357636,-176.884881357256
486,243,-580.81362300567,-183.129831898102
487,243.5,-584.899757521519,-190.045451540593
488,244,-575.632458710163,-192.603926437891
489,244.5,-559.746996754796,-192.736347438637
490,245,-549.55998930674,-194.609398933288
491,245.5,-540.323256951897,-196.66158241226
492,246,-520.789737222109,-194.715303980264
493,246.5,-501.332689028997,-192.443588905826
494,247,-496.842981302401,-195.711655070775
495,247.5,-481.208420520163,-194.420821982858
496,248,-469.330802515734,-194.403183641466
497,248.5,-456.57040731241,-193.80263973068
498,249,-460.364157341332,-200.172032600474
499,249.5,-444.896637871947,-198.080745177915
500,250,-426.771836041099,-194.491130805776
501,250.5,-422.339428759079,-196.940109971166
502,251,-410.676304379187,-195.882549047774
503,251.5,-394.570586325334,-192.444933440405
504,252,-387.506578573677,-193.203653076547
505,252.5,-385.805824973563,-196.577886387224
506,253,-375.205582434388,-195.319663398419
507,253.5,-369.95504140789,-196.708584807288
508,254,-343.617491050828,-186.569075261507
509,254.5,-355.095601098595,-196.832705820013
510,255,-351.623701159719,-198.939118281801
511,255.5,-342.946059898638,-198
512,256,-330.865597609546,-194.89473137691
513,256.5,-338.581083777334,-203.440039589471
514,257,-331.677023933742,-203.251941674504
515,257.5,-318.01803605866,-198.719724087452
516,258,-309.524660613329,-197.188956263284
517,258.5,-301.921404460353,-196.07005260541
518,259,-295.195581011778,-195.385692800469
519,259.5,-300.111601264925,-202.42783105641
520,260,-289.268292206327,-198.808589160616
521,260.5,-280.149999146835,-196.163141232058
522,261,-284.126315906355,-202.665331543118
523,261.5,-279.110863059357,-202.785912040903
524,262,-267.684334585533,-198.075987988197
525,262.5,-268.34153137589,-202.209847779088
526,263,-244.3528288097,-187.498520134686
527,263.5,-253.739462661364,-198.242995054862
528,264,-241.043312310543,-191.734508084387
529,264.5,-244.023831897489,-197.606602789649
530,265,-237.660371683418,-195.912091845551
531,265.5,-239.77191069624,-201.192521831887
532,266,-229.642601611209,-196.133310595715
533,266.5,-220.375197425049,-191.569236465228
534,267,-224.686716236701,-198.786014464721
535,267.5,-222.943447643218,-200.739181907657
536,268,-227.081419737518,-208.081783945623
537,268.5,-213.555280872798,-199.14352113825
538,269,-209.633193222551,-198.934472375495
539,269.5,-198.537784893468,-191.725710246683
540,270,-205.416129356404,-201.861868118357
541,270.5,-199.404112294606,-199.404112294606
542,271,-197.656412532558,-201.136626661479
543,271.5,-188.252418394388,-194.941085891774
544,272,-185.16738086162,-195.125705802305
545,272.5,-176.637575256187,-189.420608719365
546,273,-179.03140501815,-195.378494254683
547,273.5,-177.988741291456,-197.676523576987
548,274,-172.943832584308,-195.47744312593
549,274.5,-176.479878798446,-203.016877079926
550,275,-177.29931719414,-207.590828608808
551,275.5,-178.694955492858,-212.960355187076
552,276,-160.927789730274,-195.221019597093
553,276.5,-159.847379326659,-197.395074210071
554,277,-152.516085976217,-191.738998428841
555,277.5,-157.609337683369,-201.730752923321
556,278,-142.450174388041,-185.644681628149
557,278.5,-149.85194076486,-198.860242001776
558,279,-151.084987834841,-204.179642596773
559,279.5,-139.305104793316,-191.737027666863
560,280,-138.207303459204,-193.759493368804
561,280.5,-138.231921160602,-197.415642673647
562,281,-134.238278151185,-195.317906703418
563,281.5,-129.732753605213,-192.33671683277
564,282,-128.049380592398,-193.461510719583
565,282.5,-126.356256123486,-194.571571763338
566,283,-125.19080874481,-196.510206874402
567,283.5,-126.120784887503,-201.835446885229
568,284,-125.922154096544,-205.486279609336
569,284.5,-122.064023753683,-203.148650266401
570,285,-112.673516577276,-191.281673618019
571,285.5,-112.5,-194.855715851499
572,286,-102.424100501521,-181.033984755499
573,286.5,-104.718877973209,-188.917856742109
574,287,-103.543450976335,-190.703313447646
575,287.5,-104.222686938468,-196.014365614682
576,288,-107.125678270528,-205.786513297347
577,288.5,-105.325795939575,-206.713513611701
578,289,-95.0401341923893,-190.621019021231
579,289.5,-92.0579408257063,-188.746749722825
580,290,-96.8649967818664,-203.081688978719
581,290.5,-97.2022002003609,-208.450791018429
582,291,-95.7941390535912,-210.201053572481
583,291.5,-81.34732861516,-182.70909152852
584,292,-84.9335516810774,-195.333795844031
585,292.5,-84.0071926251939,-197.908543492275
586,293,-82.6596213908594,-199.557979022438
587,293.5,-74.9213186831824,-185.436770913357
588,294,-80.9967711060697,-205.622282524027
589,294.5,-75.6156373540584,-196.98546999091
590,295,-67.9402319643367,-181.714404714189
591,295.5,-67.0359480918311,-184.179753674038
592,296,-66.7613718467542,-188.528298218436
593,296.5,-65.7647672003457,-190.994752271062
594,297,-68.855110439905,-205.786233179745
595,297.5,-62.7304498581143,-193.064472807916
596,298,-58.336925103829,-185.021088445156
597,298.5,-58.7667126492701,-192.21725594857
598,299,-56.2350382513767,-189.846307503902
599,299.5,-50.9929108261448,-177.833413748589
600,300,-54.7838670960427,-197.544242907768
601,300.5,-49.4344376145815,-184.491832821212
602,301,-50.5767608189972,-195.565823356378
603,301.5,-52.4970513451279,-210.554172601891
604,302,-45.5218459519016,-189.612134477547
605,302.5,-43.1906024340221,-187.079052438765
606,303,-43.0714831736825,-194.282905416867
607,303.5,-39.2953095645565,-184.869896538689
608,304,-40.8704265555255,-200.88456444727
609,304.5,-36.4445181169201,-187.490792038504
610,305,-34.624749843508,-186.818432437151
611,305.5,-33.5140982897176,-190.067896331356
612,306,-32.6794259604142,-195.284549104372
613,306.5,-28.9403760324427,-182.7223430101
614,307,-27.6403598812372,-184.945966448678
615,307.5,-27.4171008891329,-195.082809542089
616,308,-22.711557446289,-172.511405879043
617,308.5,-24.0082606508141,-195.53159187334
618,309,-21.6218138296702,-189.772224434228
619,309.5,-19.6513510943189,-186.970116329235
620,310,-18.8816132464841,-196.093051078334
621,310.5,-17.2568370640363,-197.246550222166
622,311,-14.3580145181956,-182.435872073162
623,311.5,-13.3932429588721,-191.532297649886
624,312,-11.7823681302274,-192.64001609542
625,312.5,-9.26346425500108,-176.75742765156
626,313,-7.72063156366451,-176.831535219989
627,313.5,-6.80540185698771,-194.881211268724
628,314,-5.02597407511164,-191.934206395307
629,314.5,-3.42067166170754,-195.970148250653
630,315,-1.69294788668454,-193.992613074449
631,315.5,-1.08989965490192E-14,-178
632,316,1.56204985420891,-178.993184228487
633,316.5,3.29850481664658,-188.971214384558
634,317,4.89508933357225,-186.935919770429
635,317.5,6.24700990974763,-178.890958036418
636,318,8.41854176150983,-192.816306765299
637,318.5,10.0485035986452,-191.736870672878
638,319,12.4539020651108,-203.619498878061
639,319.5,12.9747041164073,-185.546913348327
640,320,14.4364736139235,-183.432789406896
641,320.5,16.2109681510644,-185.292213845065
642,321,18.0190014738021,-187.13448529303
643,321.5,18.6060664616423,-177.024897375553
644,322,21.848220257206,-191.759368145581
645,322.5,22.6676978733574,-184.613584205286
646,323,25.45260748291,-193.331747967893
647,323.5,26.5820622833725,-189.14120112964
648,324,29.8575010481813,-199.781204399107
649,324.5,29.096810497483,-183.710031350696
650,325,33.9998068072996,-203.17483391667
651,325.5,32.298561046049,-183.174242060271
652,326,34.0780432670316,-183.86866771446
653,326.5,39.6882710383213,-204.178454157114
654,327,38.8767472113534,-191.085317401062
655,327.5,42.6218966176406,-200.52025815043
656,328,46.1016377688159,-207.951049516546
657,328.5,43.6405045427098,-189.027792568336
658,329,47.1559634988928,-196.418723920331
659,329.5,50.3197542847309,-201.821511065407
660,330,48.3233407825072,-186.852494592975
661,330.5,55.1284566068369,-205.742200999572
662,331,55.3183438481992,-199.471503814185
663,331.5,56.7812952983018,-198.019909363294
664,332,59.9272377325277,-202.310964057189
665,332.5,63.4446599248339,-207.518132043979
666,333,58.9383367028375,-186.928522346652
667,333.5,65.8206198018638,-202.575037970868
668,334,65.0474545630439,-194.406349317271
669,334.5,68.3693124360028,-198.558900875857
670,335,69.4318267206244,-196.069430147173
671,335.5,73.8763509583444,-202.973606089756
672,336,75.2945869707855,-201.384520688405
673,336.5,80.2744206981473,-209.122015535373
674,337,78.4312625189996,-199.109359548153
675,337.5,80.5404175844211,-199.344528731859
676,338,83.4249882555896,-201.405738087461
677,338.5,83.2257303682153,-196.06753378537
678,339,84.5348026121521,-194.416735769646
679,339.5,84.6012217597664,-190.017455189661
680,340,90.4031268990601,-198.371557051086
681,340.5,95.5117271533981,-204.825559870283
682,341,100.309085556333,-210.302371253517
683,341.5,99.9486214679097,-204.92504255621
684,342,100.394507949707,-201.360231360456
685,342.5,98.5159384434816,-193.348415748876
686,343,97.8907060058272,-188.046296633783
687,343.5,103.283743812896,-194.248470428964
688,344,106.406403537893,-195.976216123618
689,344.5,113.445451137643,-204.661011470619
690,345,122.12104290566,-215.848212593095
691,345.5,112,-193.989690447714
692,346,116.733823480962,-198.174706901551
693,346.5,121.548985678773,-202.291482965699
694,347,124.354658402396,-202.928359116274
695,347.5,137.2490894364,-219.644456904514
696,348,132.713003261665,-208.317687115783
697,348.5,131.258007438622,-202.119606874847
698,349,139.640057283951,-210.973112982994
699,349.5,137.002261350333,-203.114205275985
700,350,140.468746757358,-204.38329477826
701,350.5,147.409144142219,-210.522075382271
702,351,148.659956662001,-208.413572699218
703,351.5,154.58752135292,-212.771469520611
704,352,148.110873901084,-200.160358293687
705,352.5,157.675536065837,-209.242503632391
706,353,155.234164397224,-202.305101774265
707,353.5,169.922567189882,-217.490967995455
708,354,174.304098258533,-219.130283918676
709,354.5,164.252622064008,-202.835095940269
710,355,169.196806593885,-205.252139181134
711,355.5,175.481017444425,-209.130132971481
712,356,170.804836710838,-199.986768952808
713,356.5,181.07229200138,-208.299844141485
714,357,179.570033066465,-202.96700033382
715,357.5,182.003524929609,-202.135392529851
716,358,199.974701454235,-218.234091695797
717,358.5,199.14352113825,-213.555280872798
718,359,204.441308981045,-215.436188190649
719,359.5,201.450927433109,-208.608542098209
