0,0,220.6173157,-220.6173157,214.9604615,-214.9604615,8
1,0.5,215.4016356,-211.6745978,215.4016356,-211.6745978,0
2,1,218.6792993,-211.1761446,220.1179789,-212.5654614,2
3,1.5,232.8451731,-220.9618188,224.1406806,-212.7015639,12
4,2,225.2569401,-210.0554949,222.3315253,-207.3275015,4
5,2.5,227.0814197,-208.0817839,232.9796384,-213.4865056,8
6,3,234.09062,-210.776141,227.4023166,-204.7539655,9
7,3.5,234.4231406,-207.4000751,240.4147864,-212.7010355,8
8,4,235.469389,-204.690417,233.2052603,-202.72224,3
9,4.5,249.4131567,-213.0189599,245.6111269,-209.7717196,5
10,5,252.7946662,-212.1199112,242.070044,-203.1208847,14
11,5.5,256.9509863,-211.8140474,248.4631159,-204.8171869,11
12,6,267.3382107,-216.4862145,268.1153567,-217.1155349,1
13,6.5,280.9563283,-223.4827546,268.4345978,-213.5225204,16
14,7,271.0756992,-211.7875475,269.4996777,-210.5562246,2
15,7.5,275.2936091,-211.2402159,288.7806159,-221.5891602,17
16,8,286.7101481,-216.0515933,281.1196995,-211.8388881,7
17,8.5,295.8193247,-218.8947855,282.1537581,-208.7827981,17
18,9,279.9198801,-203.3736973,287.201033,-208.6637646,9
19,9.5,288.1968935,-205.5688463,297.1521642,-211.9565788,11
20,10,309.6394727,-216.8118929,295.713888,-207.0610935,17
21,10.5,310.6955731,-213.5351513,299.9819327,-206.1718702,13
22,11,324.1536909,-218.6444253,328.2988787,-221.4403898,5
23,11.5,331.8865572,-219.6709202,313.5410691,-207.5283065,22
24,12,327.0815215,-212.4092237,328.7588626,-213.4985017,2
25,12.5,328.9226639,-209.5468473,341.5735356,-217.6063414,15
26,13,340.0672866,-212.497625,343.4594789,-214.617302,4
27,13.5,346.1719067,-212.1344173,341.0560657,-208.9994259,6
28,14,358.2959317,-215.2859153,360.8674336,-216.8310295,3
29,14.5,363.6075057,-214.1811892,364.4691349,-214.6887275,1
30,15,358.5345172,-207,371.5248982,-214.5,15
31,15.5,385.5675733,-218.1436371,373.3825936,-211.2497073,14
32,16,391.8296288,-217.1947099,375.2118544,-207.9833271,19
33,16.5,397.2253349,-215.6757596,374.37609,-203.2696319,26
34,17,399.092312,-212.2011464,400.8582072,-213.1400895,2
35,17.5,414.2340591,-215.6366024,408.9119941,-212.8661107,6
36,18,416.1000468,-212.0135634,416.1000468,-212.0135634,0
37,18.5,432.2532967,-215.5135437,424.1988874,-211.4977634,9
38,19,444.0042589,-216.5553465,418.8380256,-204.2809544,28
39,19.5,444.9745452,-212.2419707,439.5590335,-209.6589041,6
40,20,447.7160468,-208.7734213,447.7160468,-208.7734213,0
41,20.5,476.8197059,-217.2992592,464.9902094,-211.908247,13
42,21,495.141638,-220.4512605,480.5249107,-213.9434743,16
43,21.5,481.4565391,-209.3432612,483.2906592,-210.1407593,2
44,22,501.6751451,-212.948465,482.3445432,-204.7431113,21
45,22.5,499.8188271,-207.0317369,502.5904657,-208.1797872,3
46,23,491.4074429,-198.5414945,494.1889945,-199.6653143,3
47,23.5,492.1908935,-193.8791489,485.6779705,-191.3136404,7
48,24,499.4655282,-191.726853,501.332689,-192.4435889,2
49,24.5,495.4995881,-185.2597047,490.8162272,-183.5086678,5
50,25,502.7355521,-182.9807767,493.3386259,-179.5605752,10
51,25.5,498.6573488,-176.5838285,500.5426318,-177.2514423,2
52,26,498.2882893,-171.5744174,490.7241407,-168.9698722,8
53,26.5,495.9732717,-165.9503353,494.0766244,-165.315726,2
54,27,498.3536145,-161.9249051,494.5493885,-160.6888371,4
55,27.5,494.0253805,-155.7656041,487.3493618,-153.6606635,7
56,28,484.8465113,-148.2324543,483.8902065,-147.9400826,1
57,28.5,480.3686872,-142.2916877,493.7921635,-146.2679025,14
58,29,487.3596798,-139.7481394,490.2434649,-140.5750515,3
59,29.5,485.6697484,-134.6881415,503.0150966,-139.4984323,18
60,30,502.2814297,-134.5859035,491.6562456,-131.738894,11
61,30.5,491.8190013,-127.1930421,486.0101155,-125.690762,6
62,31,491.9399332,-122.6544011,489.029046,-121.9286354,3
63,31.5,498.8257692,-119.7574717,502.7152488,-120.6912531,4
64,32,486.2106623,-112.2505761,478.4157018,-110.4509677,8
65,32.5,477.4087475,-105.8389712,492.0531876,-109.0855654,15
66,33,483.2049148,-102.7083753,496.8989812,-105.6191389,14
67,33.5,487.0225782,-99.08586341,488.0025029,-99.28523134,1
68,34,489.8319645,-95.21368869,485.9054558,-94.45045271,4
69,34.5,479.8283949,-88.93093644,500.476748,-92.75788248,21
70,35,492.4038765,-86.82408883,485.5102222,-85.60855159,7
71,35.5,479.3348023,-80.21313645,493.1428008,-82.52380293,14
72,36,495.819547,-78.53010145,491.8687936,-77.90436359,4
73,36.5,484.617773,-72.42661145,481.6507255,-71.98318322,3
74,37,493.1534982,-69.30820428,492.1632302,-69.16903118,1
75,37.5,489.7737615,-64.47993896,485.8079821,-63.95783419,4
76,38,496.2730758,-60.9346717,494.2879835,-60.69093302,2
77,38.5,476.9144907,-54.33754261,488.837353,-55.69598117,12
78,39,488.3102506,-51.32347546,490.2992944,-51.53253239,2
79,39.5,476.794779,-45.91011546,492.7211182,-47.4436475,16
80,40,489.1315968,-42.79346969,480.1658445,-42.009068,9
81,40.5,479.5172375,-37.73882505,488.4894935,-38.44495691,9
82,41,482.8210003,-33.76213329,488.8063846,-34.18067213,6
83,41.5,501.0636688,-30.64636685,474.1140293,-28.99805628,27
84,42,502.310656,-26.32498599,489.328472,-25.64461856,13
85,42.5,483.5393392,-21.11178348,496.5269661,-21.67883552,13
86,43,491.7002869,-17.17055238,493.6990685,-17.24035137,2
87,43.5,488.8324319,-12.80052772,486.8331173,-12.74817383,2
88,44,496.9243045,-8.673845999,476.9273506,-8.324797871,20
89,44.5,485.9814946,-4.241096252,492.9812281,-4.302182001,7
90,45,498,0,491,0,7
91,45.5,497.9810377,4.345814678,492.9812281,4.302182001,5
92,46,495.9244568,8.656393593,479.9268937,8.37715509,16
93,46.5,499.8286625,13.08847415,477.8362013,12.51258129,22
94,47,492.6996777,17.20545187,489.7015052,17.10075338,3
95,47.5,497.5260143,21.72245491,493.5298215,21.54797736,4
96,48,495.3202492,25.9586343,495.3202492,25.9586343,0
97,48.5,497.0711296,30.40217269,477.1084336,29.1812019,20
98,49,498.7820251,34.87823687,498.7820251,34.87823687,0
99,49.5,487.4925762,38.36649781,491.4802455,38.68033419,4
100,50,483.1544286,42.27053523,478.1734551,41.83475652,5
101,50.5,502.6750802,48.40210502,481.77176,46.38934422,21
102,51,492.2883382,51.74158932,488.3102506,51.32347546,4
103,51.5,500.7602153,57.05441974,495.792356,56.48840367,5
104,52,482.3774297,59.22850089,491.3103451,60.32532499,9
105,52.5,500.679655,65.91572707,488.7823167,64.34941276,12
106,53,498.1048386,70.00406978,485.2313537,68.19481947,13
107,53.5,505.3871062,75.53060909,494.5079317,73.90470556,11
108,54,505.6964304,80.0944461,492.856482,78.06079806,13
109,54.5,502.0193712,84.00923138,496.1016576,83.01894575,6
110,55,504.2215695,88.90786697,490.434261,86.47679248,14
111,55.5,503.4265127,93.30458905,489.660944,90.7532917,14
112,56,495.7217276,96.35854267,489.8319645,95.21368869,6
113,56.5,498.7816747,101.4782786,503.6812982,102.4751183,5
114,57,511.5711952,108.7378143,485.16121,103.1241986,27
115,57.5,502.7924437,111.4664012,480.3376355,106.4882901,23
116,58,503.7493235,116.2996951,493.0312528,113.8252335,11
117,58.5,497.8533992,119.5240263,496.8810293,119.2905809,1
118,59,501.6428905,125.07362,482.236976,120.2351821,20
119,59.5,500.5323301,129.4464621,486.0101155,125.690762,15
120,60,498.4177264,133.5506273,491.6562456,131.738894,7
121,60.5,507.8332488,140.8346242,489.5242702,135.757095,19
122,61,496.9722968,142.504513,488.3209415,140.0237768,9
123,61.5,411.3336663,121.8425829,491.874524,145.6998718,84
124,62,348.0949312,106.4233005,485.802816,148.524826,144
125,62.5,349.060404,110.0583226,496.8865313,156.6677215,155
126,63,331.9187242,107.846931,497.402558,161.6158881,174
127,63.5,350.8797524,117.4027229,498.8182426,166.9022493,156
128,64,407.5185061,140.3198746,490.7241407,168.9698722,88
129,64.5,486.4030094,172.2443394,482.6324434,170.9091119,4
130,65,485.8210849,176.8244141,493.3386259,179.5605752,8
131,65.5,502.0562934,187.7111564,482.3861775,180.3568013,21
132,66,441.5835417,169.5080401,486.3954022,186.7097017,48
133,66.5,359.1411812,141.4694735,491.2604759,193.5126477,142
134,67,348.6211293,140.8520791,508.0967523,205.2844132,172
135,67.5,347.3787042,143.8889706,497.0471885,205.8836866,162
136,68,332.3022521,141.0539374,486.0265626,206.3060358,167
137,68.5,349.3998883,151.9233953,483.2906592,210.1407593,146
138,69,353.5420921,157.4070809,490.5739108,218.4175773,150
139,69.5,325.766135,148.4601809,485.9193186,221.4461916,176
140,70,329.8960345,153.8330473,499.3755907,232.8626622,187
141,70.5,326.7358729,155.845017,497.3244917,237.2116143,189
142,71,320.8694745,156.4984994,485.348785,236.7204193,183
143,71.5,320.3865015,159.7388171,506.5328487,252.5479622,208
144,72,319.8713422,162.9825894,494.5086209,251.9647274,196
145,72.5,348.5952574,181.467205,485.1949257,252.5764914,154
146,73,388.4969409,206.5674876,494.450652,262.9040752,120
147,73.5,339.2234055,184.1832815,496.5316687,269.5946995,179
148,74,313.9884749,174.0466537,498.5332331,276.3414835,211
149,74.5,309.8466278,175.3027874,488.2695454,276.2496172,205
150,75,303.1088913,175,496.2325564,286.5,223
151,75.5,305.878352,180.1761189,497.1600256,292.8496354,222
152,76,312.8660648,187.9888973,486.8710268,292.5416265,203
153,76.5,407.5619986,249.7543139,481.7416929,295.2116891,87
154,77,486.7796072,304.1736577,495.2600882,309.4728503,10
155,77.5,510.2518247,325.066263,489.1670386,311.6337728,25
156,78,512.427717,332.7744504,494.8156351,321.3370307,21
157,78.5,501.1653791,331.7141282,503.6670365,333.3699391,3
158,79,522.2936707,352.2915292,497.4225435,335.5157421,30
159,79.5,498.5963441,342.6757733,494.4757132,339.8437422,5
160,80,509.5125715,356.7645434,496.4061388,347.5873204,16
161,80.5,503.1233903,358.8744266,497.4245817,354.8095059,7
162,81,508.0626725,369.1291384,494.3093836,359.1367892,17
163,81.5,516.0761045,381.8762291,484.725687,358.6781404,39
164,82,510.3280909,384.5597998,501.5431003,377.9398345,11
165,82.5,511.7129045,392.6511217,494.259131,379.2583703,22
166,83,498.810807,389.7137139,494.0827425,386.019745,6
167,83.5,507.9126938,404.0119992,485.9996654,386.5815894,28
168,84,509.8077507,412.8341765,490.3791017,397.1011668,25
169,84.5,505.4141021,416.6312343,489.9816105,403.9096699,20
170,85,505.5893325,424.2398224,494.8647103,415.2407959,14
171,85.5,507.951185,433.8312963,489.7014418,418.2445431,24
172,86,503.39129,437.5913723,493.5800655,429.062605,13
173,86.5,509.2898901,450.5816328,497.3065986,439.979712,16
174,87,502.365902,452.3322899,496.4207434,446.979245,8
175,87.5,499.136757,457.3745706,493.9758157,452.6454391,7
176,88,503.1713467,469.2148717,491.4696875,458.302898,16
177,88.5,516.4665522,490.1084579,494.705321,469.4578206,30
178,89,505.6958796,488.3448344,489.870404,473.0623503,22
179,89.5,503.5548171,494.8419406,490.716309,482.2255738,18
180,90,502.7529214,502.7529214,486.4894655,486.4894655,23
181,90.5,505.3555796,514.2535738,482.9264831,491.4295595,32
182,91,505.0166353,522.9600348,483.4822258,500.660501,31
183,91.5,499.0570674,525.896419,488.0433942,514.290429,16
184,92,501.950793,538.2763244,473.3068619,507.5594689,42
185,92.5,491.1540809,536.0006239,480.3446376,524.2041865,16
186,93,506.531869,562.5606329,484.450559,538.0368536,33
187,93.5,504.2538567,569.9553035,486.3631154,549.7334991,27
188,94,508.4457475,584.8999247,486.1397405,559.2397989,34
189,94.5,498.1266531,583.2313756,483.838796,566.5024444,22
190,95,505.2310612,602.1109323,488.5185834,582.1937768,26
191,95.5,506.9543416,614.984793,489.1441514,593.3793046,28
192,96,511.6374779,631.8196667,485.8353419,599.9566822,41
193,96.5,496.76668,624.5213092,478.7137556,601.8256726,29
194,97,505.4580712,646.9568287,490.0665344,627.2565599,25
195,97.5,514.4034075,670.3835725,485.1828589,632.3026122,48
196,98,496.4973941,658.8742958,485.0629087,643.7002211,19
197,98.5,502.030432,678.4551904,484.7805712,655.1433414,29
198,99,508.4342432,699.7997001,484.3350479,666.6300034,41
199,99.5,504.0501656,706.6522699,483.7255621,678.1582268,35
200,100,505.8944169,722.4921031,487.5399709,696.2792376,32
201,100.5,506.3671758,736.7688126,484.8437388,705.4520175,38
202,101,498.240877,738.6724771,480.905897,712.9723124,31
203,101.5,506.1262155,764.6732988,486.2564841,734.6534092,36
204,102,506.5143026,779.9636282,483.6394631,744.7394643,42
205,102.5,510.4346279,801.2218735,480.8831495,754.835344,55
206,103,502.8933818,804.7976433,481.1666919,770.0276713,41
207,103.5,500.0311264,815.9766373,480.6986795,784.4289512,37
208,104,495.9816661,825.4521106,485.1658666,807.4515973,21
209,104.5,482.6689832,819.4093316,474.5483694,805.623265,16
210,105,473,819.260032,496,859.0972006,46
211,105.5,461.8932994,816.3936428,468.7872292,828.5786225,14
212,106,450.3881372,812.5217079,461.5387585,832.6379612,23
213,106.5,444.7119646,819.057549,450.9150284,830.4821715,13
214,107,437.5474965,822.9071565,439.8948543,827.3218945,5
215,107.5,423.4234783,813.388934,429.8879589,825.8070857,14
216,108,419.9412123,824.1810349,419.9412123,824.1810349,0
217,108.5,410.5019881,823.3396127,407.8248012,817.9700065,6
218,109,401.5479705,823.2953464,405.4933108,831.3844928,9
219,109.5,384.8769205,806.9112442,396.0702091,830.3784616,26
220,110,379.511199,813.8643928,391.3445104,839.2410108,28
221,110.5,374.0533049,820.7850663,381.9324765,838.0743305,19
222,111,366.8764521,824.0180028,367.6899253,825.8450937,2
223,111.5,355.2854204,817.1005263,360.4691583,829.0223072,13
224,112,350.0950911,824.7723487,353.6116713,833.0568924,9
225,112.5,337.1441039,813.9378681,344.4150891,831.4915793,19
226,113,335.6475077,830.7567337,336.0221143,831.6839175,1
227,113.5,321.4215758,815.9762071,329.4846028,836.4453936,22
228,114,318.2307392,829.0194187,315.0054277,820.6171949,9
229,114.5,303.9800069,813.0314603,314.8364358,842.0682981,31
230,115,295.5054038,811.8944244,302.3458067,830.6882768,20
231,115.5,293.0824224,827.6392292,293.7500361,829.5245122,2
232,116,283.2442944,822.6011608,290.4067938,843.4025694,22
233,116.5,275.4204418,823.1449327,279.8627069,836.4214639,14
234,117,268.5357681,826.4681127,271.934955,836.9297343,11
235,117.5,258.005576,818.2891437,258.9076934,821.1502946,3
236,118,255.2404982,834.854052,257.2871002,841.5481852,7
237,118.5,242.8331197,819.7908733,244.8212271,826.5026115,7
238,119,238.1506754,830.5301053,241.1826863,841.1039839,11
239,119.5,230.0922418,829.6858202,230.8939569,832.5767116,3
240,120,218.7020931,816.2073232,222.0667407,828.764359,13
241,120.5,212.5726234,821.9573467,214.8260435,830.6706754,9
242,121,208.0528302,834.4543246,205.6336113,824.7513673,10
243,121.5,198.1951139,825.5420624,199.3623407,830.403912,5
244,122,191.4333472,829.1889251,191.4333472,829.1889251,0
245,122.5,184.6229907,832.7804941,184.8394303,833.7567901,1
246,123,175.8932904,827.5128702,176.7249372,831.4254606,4
247,123.5,169.0640084,830.9761495,170.260216,836.8556977,6
248,124,159.1347021,818.677071,163.3325,840.272869,22
249,124.5,153.4423125,827.9006322,155.0824322,836.7499263,9
250,125,146.2117656,829.208128,147.7745992,838.0713978,9
251,125.5,138.6399889,828.4799053,138.1448461,825.5210485,3
252,126,130.6227783,824.7197644,131.4049506,829.6582061,5
253,126.5,123.7164771,827.8062776,126.2292371,844.6195473,17
254,127,116.2095393,826.8738374,116.6270586,829.8446416,3
255,127.5,110.5556848,839.7537976,110.9472634,842.7281322,3
256,128,101.5171631,826.7909443,103.2233339,840.6865904,14
257,128.5,94.41148028,828.6389276,95.31710599,836.5875025,8
258,129,88.53560839,842.3600454,87.80390914,835.3983921,7
259,129.5,79.26443733,823.192656,79.7436661,828.169637,5
260,130,72.77504519,831.8225729,72.33926648,826.8415994,5
261,130.5,65.51334493,832.4259737,65.67026312,834.4198083,2
262,131,58.1768991,831.9684179,58.455925,835.9586741,4
263,131.5,50.85343343,831.4462871,50.67028781,828.4518827,3
264,132,44.11921111,841.8446978,43.64818751,832.857032,9
265,132.5,35.59342009,815.2233488,36.68390477,840.1995544,25
266,133,28.68738629,821.4992598,29.00148176,830.4937773,9
267,133.5,21.80539794,832.7145517,21.80539794,832.7145517,0
268,134,14.52040216,831.8732824,14.57275938,834.8728255,3
269,134.5,7.147032573,818.968815,7.216844857,826.9685104,8
270,135,5.08E-14,829,5.14E-14,839,10
271,135.5,-7.321563283,838.9680535,-7.243024464,829.9683961,9
272,136,-14.31097328,819.87511,-14.55530697,833.8729778,14
273,136.5,-21.70069015,828.7159224,-21.70069015,828.7159224,0
274,137,-28.93168277,828.4949956,-29.00148176,830.4937773,2
275,137.5,-36.77114355,842.1976508,-36.68390477,840.1995544,2
276,138,-43.75285942,834.8542911,-44.22388303,843.8419569,9
277,138.5,-50.91448197,832.4444219,-51.40287029,840.4295003,8
278,139,-58.455925,835.9586741,-58.73495089,839.9489303,4
279,139.5,-66.37639499,843.3920643,-66.45485408,844.3889817,1
280,140,-72.77504519,831.8225729,-73.38513539,838.7959358,7
281,140.5,-80.12704911,832.1512218,-81.08550663,842.1051838,10
282,141,-87.69938068,834.4038702,-87.59485222,833.4093483,1
283,141.5,-95.88312206,841.5553618,-96.33593492,845.5296492,4
284,142,-103.7108112,844.656775,-102.3702485,833.7387674,11
285,142.5,-110.2946324,837.7709079,-109.5114753,831.8222387,6
286,143,-119.967213,853.6110753,-118.2971358,841.7278584,12
287,143.5,-125.7858089,841.6524997,-124.0120959,829.7843094,12
288,144,-134.3772055,848.4242846,-132.9692953,839.5350895,9
289,144.5,-140.290465,838.3427613,-141.7758934,847.2193317,9
290,145,-147.7745992,838.0713978,-146.7327101,832.1625513,6
291,145.5,-156.5403164,844.6159656,-154.7179611,834.7834165,10
292,146,-161.8060281,832.4198516,-164.095736,844.1993778,12
293,146.5,-170.260216,836.8556977,-170.8583198,839.7954719,3
294,147,-178.3882307,839.2506414,-176.3091138,829.4691654,10
295,147.5,-187.2202661,844.4960462,-184.6229907,832.7804941,12
296,148,-193.4579067,837.9582557,-193.9078088,839.9069958,2
297,148.5,-202.3971305,843.044721,-200.9964583,837.2105015,6
298,149,-209.0205178,838.3355075,-209.7462835,841.2463947,3
299,149.5,-215.0764235,831.6388231,-217.3298435,840.3521518,9
300,150,-224.3961121,837.4576914,-226.2078454,844.2191722,7
301,150.5,-230.8939569,832.5767116,-233.8335791,843.1766466,11
302,151,-236.7724886,825.7237968,-237.048126,826.6850585,1
303,151.5,-245.6732732,829.3790707,-245.3892578,828.4202509,1
304,152,-256.1176133,837.7229662,-256.1176133,837.7229662,0
305,152.5,-263.7189862,836.4097658,-266.1246326,844.0395014,8
306,153,-270.6988871,833.1255083,-273.171023,840.7339604,8
307,153.5,-277.006965,827.886551,-283.0357535,845.9047004,19
308,154,-288.4533848,837.729458,-284.8721352,827.3287536,11
309,154.5,-297.7557184,840.8362101,-297.7557184,840.8362101,0
310,155,-303.029847,832.567662,-300.2936858,825.0501211,8
311,155.5,-308.5327029,825.2081987,-308.5327029,825.2081987,0
312,156,-323.2478905,842.0895447,-320.3809469,834.6209013,8
313,156.5,-321.7880771,816.9066247,-328.7516004,834.5845585,19
314,157,-340.5173934,842.8101238,-339.018967,839.1013884,4
315,157.5,-348.6246069,841.6542541,-340.2055714,821.3289044,22
316,158,-355.9560581,838.5799215,-350.4858223,825.6928535,14
317,158.5,-360.0704092,828.1052472,-360.0704092,828.1052472,0
318,159,-375.8246582,844.1160029,-369.3168719,829.4992755,16
319,159.5,-379.8590103,833.5245241,-374.0533049,820.7850663,14
320,160,-389.2314191,834.7094719,-386.6957095,829.2716251,6
321,160.5,-398.2227645,834.891388,-396.5007202,831.2810469,4
322,161,-413.8223626,848.4615797,-406.8084242,834.080875,16
323,161.5,-418.5335487,839.4484312,-410.5019881,823.3396127,18
324,162,-430.3829938,844.6741849,-430.3829938,844.6741849,0
325,162.5,-434.0436964,833.7901832,-436.3524395,838.2252374,5
326,163,-447.8758709,842.3320036,-445.5285131,837.9172656,5
327,163.5,-455.2094573,838.3915255,-443.757647,817.2999148,24
328,164,-466.3868547,841.3841583,-462.5083777,834.3872006,8
329,164.5,-470.2644999,831.1896896,-477.1584297,843.3746694,14
330,165,-489.5,847.8388703,-478.5,828.7863114,22
331,165.5,-493.8348272,838.3651731,-494.8499039,840.0884314,2
332,166,-508.3425799,846.0241258,-498.5568565,829.7379471,19
333,166.5,-518.3185762,845.819043,-510.4810977,833.0294406,15
334,167,-529.389345,847.2000481,-522.5003945,836.1754228,13
335,167.5,-531.3893127,834.1141399,-535.6877095,840.8612715,8
336,168,-525.0320298,808.4784275,-544.094396,837.8318974,35
337,168.5,-530.4114429,801.364275,-559.1121661,844.7263378,52
338,169,-520.6085931,771.83398,-567.580797,841.4731361,84
339,169.5,-518.2617068,754.0754626,-561.3085808,816.7090529,76
340,170,-531.7053565,759.3539451,-557.5162961,796.215787,45
341,170.5,-530.1817986,743.2874683,-556.8941345,780.7367821,46
342,171,-520.7777335,716.789057,-556.6326339,766.1390937,61
343,171.5,-531.1767486,717.8441765,-559.7282423,756.4293058,48
344,172,-535.6153706,710.7856039,-558.4843415,741.1337533,38
345,172.5,-527.796159,687.837346,-557.625469,726.7116597,49
346,173,-534.3941606,683.9933341,-557.1736352,713.149732,37
347,173.5,-534.7400729,672.2604067,-558.3956291,701.9995167,38
348,174,-529.2584489,653.5797536,-561.3537888,693.2141976,51
349,174.5,-545.1190348,661.282268,-559.1127556,678.2580088,22
350,175,-538.6560169,641.9452433,-569.5098222,678.7153766,48
351,175.5,-535.7946399,627.3349216,-562.4220099,658.5115662,41
352,176,-541.9047579,623.3901133,-563.5547059,648.2955294,33
353,176.5,-539.3727192,609.6499567,-558.5887006,631.3696726,29
354,177,-539.9883993,599.7178742,-568.0918848,630.9299568,42
355,177.5,-534.3918542,583.1863734,-568.1713646,620.0502403,50
356,178,-541.5066979,580.6948391,-570.150629,611.4116946,42
357,178.5,-541.0466965,570.1442556,-563.0740429,593.3562355,32
358,179,-547.3907959,566.8397627,-569.6198638,589.8586363,32
359,179.5,-553.0174095,562.7546044,-563.5310485,573.4533611,15
360,180,-550.8361825,550.8361825,-573.4635995,573.4635995,32
361,180.5,-538.5040891,529.1864945,-589.0199487,589.0199487,78.30641297
362,181,-545.2595687,526.5510448,-574.879862,564.932867,48.48222412
363,181.5,-549.1083989,521.0844138,-573.3138209,553.6427213,40.57025806
364,182,-547.0525688,510.1347733,-579.5741224,549.995306,51.44427581
365,182.5,-552.2207253,506.0170655,-575.5753632,536.7327094,38.58613598
366,183,-555.1291846,499.840563,-578.7627094,530.338313,38.58310835
367,183.5,-548.9845433,485.7004953,-583.368688,525.267526,52.4196463
368,184,-562.2586373,488.7639766,-574.4490378,508.229577,22.96770482
369,184.5,-546.7318893,466.9531467,-587.918763,511.0699836,60.35440216
370,185,-558.446399,468.5921675,-574.106504,490.3332765,26.79393047
371,185.5,-549.3967034,452.8876928,-580.6616879,487.2330081,46.44459
372,186,-554.8822165,449.3347592,-581.8049359,479.6029781,40.5092322
373,186.5,-554.8691832,441.3628774,-586.7452009,475.1368952,46.44098176
374,187,-559.4876351,437.1196475,-571.3039545,454.4356847,20.96355294
375,187.5,-545.8270981,418.8278632,-579.1879039,452.5111844,47.40790535
376,188,-559.8434925,421.8723312,-573.594465,440.1345132,22.86037038
377,188.5,-557.0728044,412.2121912,-583.8025578,439.9267819,38.50426284
378,189,-548.5135222,398.5184011,-586.0116514,433.6258115,51.36769379
379,189.5,-558.4832456,398.3622276,-593.0094569,430.8465899,47.40562267
380,190,-555.385086,388.8848238,-596.746675,425.6552665,55.34298957
381,190.5,-558.7575559,384.0234286,-584.8745596,409.5335756,36.50843026
382,191,-562.0874742,379.1327886,-579.3607106,398.1835846,25.71570579
383,191.5,-560.3712724,370.9016541,-591.9328268,399.2637331,42.43276136
384,192,-562.7479511,365.4527925,-575.3812172,380.8365199,19.90624226
385,192.5,-560.8553115,357.3042396,-577.0053507,374.7116561,23.74535574
386,193,-570.7363687,356.6356648,-589.5306206,375.5724262,26.68004568
387,193.5,-561.0372281,343.8040556,-587.6973306,367.2340501,35.49261485
388,194,-564.8732512,339.4100914,-590.0269937,361.5690068,33.52205688
389,194.5,-560.0589543,329.8999359,-588.0167683,353.3161194,36.46857567
390,195,-563.7825379,325.5,-589.3543457,347.1562403,33.5098508
391,195.5,-565.7312024,320.0753141,-590.6293254,341,32.52320727
392,196,-558.8819929,309.7933473,-583.1383163,329.9237853,31.52148088
393,196.5,-556.2912323,302.0414952,-593.8667811,329.1857321,46.35441152
394,197,-572.1500402,304.2175727,-580.8981115,315.4019405,14.19925475
395,197.5,-579.2180741,301.5218444,-575.6818305,306.0954589,5.781260051
396,198,-587.1732994,299.1797393,-583.6531282,303.8305875,5.832837572
397,198.5,-562.0187791,280.2122266,-598.7563843,305.0816158,44.3637031
398,199,-567.1390432,276.6121936,-589.7617443,294.0443588,28.55988425
399,199.5,-574.0442408,273.8050576,-589.6088944,287.5714723,20.77913891
400,200,-569.1612903,265.4042684,-584.8752643,278.9711907,20.76030735
401,200.5,-569.6357556,259.5979699,-584.5685226,272.5887788,19.79264128
402,201,-560.916911,249.7362988,-604.2142839,275.3563131,50.30951827
403,201.5,-570.4113663,248.0219209,-588.3232747,261.9383981,22.68269834
404,202,-572.5540188,243.0347619,-582.3331472,253.2056588,14.10951788
405,202.5,-573.7291897,237.6464115,-592.8051256,251.6308467,23.65281719
406,203,-557.2374966,225.1385626,-583.8918645,241.8559293,31.46308436
407,203.5,-561.0417935,221.0002397,-584.1258284,236.0021539,27.53053022
408,204,-571.351221,219.3211851,-587.0934854,231.2622741,19.75875737
409,204.5,-573.2433798,214.3269173,-585.3549274,224.6967044,15.94434283
410,205,-576.0315765,209.6583479,-573.2433798,214.3269173,5.437792004
411,205.5,-559.9290457,198.2812744,-590.1269659,214.78865,34.41522673
412,206,-578.6573683,199.2477105,-583.495083,206.6264459,8.823220438
413,206.5,-562.3559275,188.1616612,-584.3304797,201.2011195,25.5520726
414,207,-578.2423619,187.8823326,-589.8573135,197.3634963,14.9933174
415,207.5,-574.1376044,181.0248913,-588.7039836,191.2815195,17.81510108
416,208,-566.1324155,173.0840492,-582.7210569,183.7312435,19.71156435
417,208.5,-573.3742015,169.8411761,-590.9963392,180.6857135,20.69163429
418,209,-577.7182793,165.6580508,-589.6741369,174.669437,14.97156015
419,209.5,-583.9600546,161.9464559,-585.4083728,167.8631497,6.091378411
420,210,-563.1347567,150.8915033,-577.2146415,160.0757873,16.81053915
421,210.5,-575.0796984,148.7257224,-590.1806799,158.1384366,17.79434824
422,211,-575.3853657,143.4596841,-583.7930271,150.9791424,11.2796731
423,211.5,-583.4219522,140.0672183,-591.880393,147.5723563,11.30806425
424,212,-562.2115274,129.7967584,-590.2285417,141.7013359,30.44128867
425,212.5,-566.2516841,125.5349761,-592.4169994,136.770241,28.47551407
426,213,-576.1289368,122.4599859,-582.8487163,129.2144495,9.527760196
427,213.5,-568.3563287,115.633402,-584.9322652,124.3311911,18.71932715
428,214,-563.4540033,109.5243633,-588.9347475,119.8201286,27.48219616
429,214.5,-566.3548268,104.9676627,-587.0130557,114.1037792,22.58829451
430,215,-577.0973433,101.7578321,-587.0031798,108.7946087,12.15079515
431,215.5,-573.0319345,95.89265901,-577.0973433,101.7578321,7.136371912
432,216,-575.8223026,91.20129312,-581.9085049,97.37808746,8.671484719
433,216.5,-562.7500263,84.10355493,-588.662251,93.23494116,27.47408971
434,217,-571.3846757,80.30287925,-578.5742801,86.46850551,9.471291285
435,217.5,-574.0465747,75.5746653,-589.2095009,82.80799507,16.79986278
436,218,-571.7065833,70.1967418,-576.0294645,75.83571768,7.105304362
437,218.5,-568.3231014,64.75223828,-586.5947756,72.02478195,19.66580709
438,219,-561.9048709,59.05858175,-581.2395356,66.22388005,20.61966921
439,219.5,-570.3620217,54.91961619,-596.7131372,62.71707796,27.48056952
440,220,-571.8157567,50.02739634,-594.2515304,57.21991425,23.56048082
441,220.5,-576.2182189,45.34935733,-596.7206242,52.20628991,21.61865273
442,221,-581.5798413,40.66802419,-588.1812269,46.29086648,8.671484719
443,221.5,-574.9256439,35.16395877,-589.5603537,41.22607598,15.84058068
444,222,-571.2160939,29.93616697,-588.8995311,36.01863833,18.7002783
445,222.5,-577.4498721,25.2120059,-584.1982778,30.6165344,8.645802948
446,223,-562.6570356,19.64841664,-576.4508239,25.16838651,14.85727638
447,223.5,-565.8060459,14.81615274,-592.6387604,20.69540154,27.46925797
448,224,-583.911054,10.19220536,-583.7998778,15.28733781,5.096345245
449,224.5,-578.9779535,5.052664054,-585.9107494,10.22711017,8.650927796
450,225,-574,7.03E-14,-571.97822,4.991578305,5.385484971
451,225.5,-562.9785627,-4.913039486,-571,0,9.406455952
452,226,-583.911054,-10.19220536,-578.9779535,-5.052664054,7.123929081
453,226.5,-572.8036472,-14.99939138,-588.9102924,-10.27946739,16.78397162
454,227,-578.6472888,-20.20680859,-587.7985071,-15.39204561,10.34053857
455,227.5,-567.4593899,-24.77581202,-586.6424155,-20.48600456,19.65682882
456,228,-561.2297985,-29.41280741,-563.463197,-24.60133447,5.304558454
457,228.5,-569.9349699,-34.85871607,-583.1996483,-30.56419845,13.94254549
458,229,-572.6017648,-40.04021593,-598.8808791,-36.62912372,26.49957346
459,229.5,-578.2120536,-45.50627552,-579.5847132,-40.52851125,5.163558044
460,230,-569.8233673,-49.85308485,-568.2428802,-44.72168456,5.36928378
461,230.5,-567.3758331,-54.63207894,-589.7472613,-51.59619971,22.57647808
462,231,-582.7898307,-61.25367947,-582.306776,-56.06976522,5.206371937
463,231.5,-589.1881104,-67.12950576,-583.7843526,-61.35820794,7.906230286
464,232,-579.6469526,-71.17169655,-583.2266793,-66.45028648,5.925044847
465,232.5,-572.063685,-75.31361291,-581.6320449,-71.41543524,10.33195526
466,233,-586.2386967,-82.39047577,-575.0380196,-75.70519149,13.04408653
467,233.5,-586.486407,-87.6509808,-584.2581606,-82.11212957,5.970255864
468,234,-583.7238093,-92.45276884,-587.4754228,-87.79879021,5.977802377
469,234.5,-573.0319345,-95.89265901,-580.7607443,-91.98346544,8.661194771
470,235,-583.9909975,-102.9733694,-577.9633625,-96.71789703,8.686962536
471,235.5,-571.2711013,-105.8788403,-592.8542673,-104.536203,21.62488683
472,236,-571.3070208,-111.0508353,-580.1203955,-107.51896,9.494720451
473,236.5,-581.0953498,-118.2251851,-589.9579373,-114.6762062,9.546764205
474,237,-573.194494,-121.8362508,-591.8745216,-120.4182324,18.7337718
475,237.5,-573.0857562,-127.0500534,-573.194494,-121.8362508,5.214936345
476,238,-575.8527083,-132.9460731,-578.9435322,-128.3486911,5.539775656
477,238.5,-579.5324726,-139.1334369,-578.7758185,-133.6209263,5.564197899
478,239,-580.2368443,-144.6692936,-591.2009116,-141.9347812,11.29992607
479,239.5,-583.7930271,-150.9791424,-583.1477315,-145.3950593,5.621244662
480,240,-588.2488282,-157.6207985,-585.7293224,-151.4799025,6.637658717
481,240.5,-588.7782069,-163.2826478,-574.7258666,-153.9973318,16.84296171
482,241,-580.6020643,-166.4849629,-581.0691633,-161.1447408,5.360611337
483,241.5,-575.2918409,-170.4092068,-587.3308962,-168.4144244,12.20319669
484,242,-589.0837297,-180.1009701,-579.1271199,-171.5452682,13.12760885
485,242.5,-586.5359247,-184.9340667,-589.0837297,-180.1009701,5.4635275
486,243,-585.850814,-190.3544685,-576.0450383,-181.6263029,13.12760885
487,243.5,-587.0123426,-196.4115823,-583.948701,-189.7364345,7.344623706
488,244,-575.8208125,-198.2710061,-583.219048,-195.1423637,8.032576817
489,244.5,-568.4128191,-201.2855361,-587.1670354,-202.1778239,18.77543095
490,245,-578.8506544,-210.6844083,-588.2082904,-208.2954802,9.657760082
491,245.5,-588.2301348,-219.9302354,-581.6697323,-211.7104687,10.51681733
492,246,-571.351221,-219.3211851,-585.4201183,-218.8796133,14.07582523
493,246.5,-569.4155516,-224.2987508,-576.9527036,-221.4713928,8.050007001
494,247,-555.3831289,-224.3893495,-561.0417935,-221.0002397,6.595949513
495,247.5,-534.9262493,-221.5737073,-560.946232,-226.636989,26.50804256
496,248,-513.6417082,-218.0279697,-547.8605628,-226.9312754,35.35815124
497,248.5,-510.8024614,-222.1032314,-522.8467568,-221.935281,12.04546625
498,249,-507.9312744,-226.1455736,-512.6365816,-222.9007295,5.715673882
499,249.5,-495.0189314,-225.593124,-492.4010017,-219.2310506,6.87964633
500,250,-483.0620505,-225.2555335,-488.6492025,-222.6902713,6.147913248
501,250.5,-473.8572743,-226.0183258,-470.3737415,-219.3388778,7.533261324
502,251,-455.6885815,-222.2541714,-466.636592,-222.574237,10.9526881
503,251.5,-452.836787,-225.7760934,-453.8909934,-221.3774291,4.523228805
504,252,-437.4842034,-222.9093354,-435.8330341,-217.298335,5.848904626
505,252.5,-410.6860158,-213.7896079,-435.7021903,-222.0013544,26.3294848
506,253,-407.9217879,-216.895862,-427.5392216,-222.5628316,20.41955555
507,253.5,-406.013506,-220.4473472,-414.1024211,-220.1821629,8.09326069
508,254,-398.8265865,-221.0731868,-401.6194205,-218.0615534,4.107293223
509,254.5,-388.1786404,-219.6209078,-389.2057697,-215.740281,4.014256956
510,255,-390.5774571,-225.5,-377.734372,-213.7118251,17.43289712
511,255.5,-381.7017181,-224.8394948,-374.9889998,-216.5,10.70550137
512,256,-372.0106085,-223.5265245,-367.9156515,-216.718881,7.944349136
513,256.5,-364.0773502,-223.1068871,-351.4385933,-211.1656107,17.38770423
514,257,-333.2829018,-208.2582708,-344.4666264,-211.0894201,11.53651171
515,257.5,-344.1037099,-219.2182402,-352.788008,-220.4464139,8.770715155
516,258,-333.790886,-216.7663359,-335.6697954,-213.8452441,3.473194191
517,258.5,-336.8898721,-222.9825421,-320.372157,-208.0521114,22.26550414
518,259,-322.4956157,-217.5260395,-323.547699,-214.1515503,3.53469322
519,259.5,-329.6504754,-226.5624948,-314.20524,-211.9341104,21.27310337
520,260,-313.735233,-219.6797751,-296.6854279,-203.9062453,23.22714136
521,260.5,-315.8768211,-225.3127468,-305.5437125,-213.9440108,15.36298451
522,261,-300.9543219,-218.6561139,-283.3122004,-202.0846286,24.2045156
523,261.5,-299.0347521,-221.2740767,-292.864152,-212.7782613,10.5002469
524,262,-289.9046901,-218.4588534,-282.1537581,-208.7827981,12.39770113
525,262.5,-274.5002557,-210.6314544,-288.3074191,-217.2552234,15.3137871
526,263,-281.319839,-219.7911467,-271.3268424,-208.1964087,15.30679362
527,263.5,-273.9128549,-217.8801228,-263.1955917,-205.6309328,16.27582218
528,264,-264.2296269,-213.968933,-263.7389489,-209.7874325,4.21019128
529,264.5,-276.2416009,-227.7160029,-247.9095617,-200.7532047,39.1113401
530,265,-259.6890662,-217.9049997,-242.2901192,-199.7285612,25.16160319
531,265.5,-250.1735627,-213.6684079,-238.2398218,-199.9069466,18.21515819
532,266,-250.5635806,-217.8115976,-234.2050374,-200.0299989,24.16168848
533,266.5,-246.4064321,-218.0019959,-233.2052603,-202.72224,20.19261941
534,267,-244.4946476,-220.1439695,-235.921052,-208.7253152,14.27908283
535,267.5,-231.5050838,-212.1353252,-221.457158,-199.4009207,16.22115502
536,268,-234.0331845,-218.2394752,-230.0305291,-210.7841448,8.461867557
537,268.5,-235.0212962,-223.0268825,-215.0179883,-200.5075179,30.12065924
538,269,-233.7854351,-225.7639704,-215.4361882,-204.441309,28.13095719
539,269.5,-223.960641,-220.085509,-207.8892023,-200.7562691,25.13783322
540,270,-198.6970055,-198.6970055,-201.8498771,-198.3573218,3.171117206
