-907.788388154944,709.242019575158,0
-907.788388154944,709.242019575158,0
-904.636345140517,706.779373673856,-1069.93565609513,843.044006284634,0
-903.060323633303,705.548050723204,-1073.67074391496,847.739655225749,0
-903.060323633303,705.548050723204,-1073.67074391496,847.739655225749,0
-914.880484937404,714.782972853089,-1073.67074391496,847.739655225749,0
-919.608549459044,718.476941705043,-1073.67074391496,847.739655225749,0
-919.608549459044,718.476941705043,-1073.67074391496,847.739655225749,0
-914.880484937404,714.782972853089,-1074.91577318823,849.304871539454,0
-909.364409662157,710.47334252581,0
-909.364409662157,710.47334252581,0
-913.304463430191,713.551649902438,0
-910.152420415764,711.089004001135,0
-910.152420415764,711.089004001135,0
-906.21236664773,708.010696624507,-1076.16080246151,850.870087853159,0
-906.21236664773,708.010696624507,-1076.16080246151,850.870087853159,0
-914.092474183797,714.167311377764,-1072.42571464168,846.174438912044,0
-918.032527951831,717.245618754392,0
-907.000377401337,708.626358099833,-1070.55817073177,843.826614441487,0
-914.880484937404,714.782972853089,0
-925.912635487898,723.402233507649,0
-918.032527951831,717.245618754392,0
-905.477637478243,720.249434589726,0
-909.364409662157,710.47334252581,-1071.18068536841,844.609222598339,0
-910.940431169371,711.704665476461,-1071.18068536841,844.609222598339,0
-921.972581719865,720.32392613102,0
-921.972581719865,720.32392613102,0
-899.216772223424,715.269317496625,-1073.04822927832,846.957047068896,0
-907.042853791948,721.494463863001,-1073.04822927832,846.957047068896,0
-907.042853791948,721.494463863001,-1073.04822927832,846.957047068896,0
-912.516452676584,712.935988427112,-1069.93565609513,843.044006284634,0
-914.868935360472,727.719610229377,0
-900.781988537128,716.5143467699,-1066.20056827531,838.34835734352,0
-900.781988537128,716.5143467699,-1066.20056827531,838.34835734352,0
-903.912421164538,719.004405316451,-1070.55817073177,843.826614441487,0
-914.868935360472,727.719610229377,0
-909.364409662157,710.47334252581,-1070.55817073177,843.826614441487,0
-910.173286419357,723.984522409552,0
-909.364409662157,710.47334252581,-1068.06811218522,840.696181814077,0
-918.820538705438,717.861280229718,0
-907.000377401337,708.626358099833,-1071.80320000505,845.391830755192,0
-911.728441922977,712.320326951787,-1073.04822927832,846.957047068896,0
-920.396560212651,719.092603180369,0
-907.000377401337,708.626358099833,-1063.71050972876,835.21792471611,0
-909.364409662157,710.47334252581,0
-918.820538705438,717.861280229718,-1078.65086100806,854.000520480568,0
-907.788388154944,709.242019575158,-1078.65086100806,854.000520480568,0
-910.940431169371,711.704665476461,-1073.67074391496,847.739655225749,0
-908.57639890855,709.857681050484,-1073.67074391496,847.739655225749,0
-908.57639890855,709.857681050484,-1073.67074391496,847.739655225749,0
-925.912635487898,723.402233507649,0
-907.000377401337,708.626358099833,-1073.67074391496,847.739655225749,0
-923.548603227078,721.555249081672,0
-923.548603227078,721.555249081672,0
-910.940431169371,711.704665476461,0
-903.060323633303,705.548050723204,-1061.84296581884,832.870100245553,0
-912.516452676584,712.935988427112,-1069.3131414585,842.261398127782,0
-912.516452676584,712.935988427112,-1069.3131414585,842.261398127782,0
-904.636345140517,706.779373673856,-1069.3131414585,842.261398127782,0
-910.940431169371,711.704665476461,-1069.3131414585,842.261398127782,0
-899.12026986527,702.469743346576,-1071.80320000505,845.391830755192,0
-899.12026986527,702.469743346576,-1071.80320000505,845.391830755192,0
-898.332259111663,701.854081871251,-1064.95553900203,836.783141029815,0
-905.424355894123,707.395035149181,-1064.95553900203,836.783141029815,0
-909.364409662157,710.47334252581,0
-920.396560212651,719.092603180369,0
-911.728441922977,712.320326951787,0
-909.364409662157,710.47334252581,0
-912.516452676584,712.935988427112,0
-899.908280618876,703.085404821902,-1068.06811218522,840.696181814077,0
-904.636345140517,706.779373673856,-1068.06811218522,840.696181814077,0
-920.396560212651,719.092603180369,0
-909.364409662157,710.47334252581,0
-913.304463430191,713.551649902438,-1069.3131414585,842.261398127782,0
-919.608549459044,718.476941705043,0
-919.608549459044,718.476941705043,0
-898.332259111663,701.854081871251,-1071.18068536841,844.609222598339,0
-905.424355894123,707.395035149181,0
-904.636345140517,706.779373673856,0
-904.636345140517,706.779373673856,0
-904.636345140517,706.779373673856,-1061.22045118221,832.087492088701,0
-895.180216097236,699.391435969948,-1061.22045118221,832.087492088701,0
-899.12026986527,702.469743346576,-1078.49873860683,840.113493726233,0
-894.392205343629,698.775774494622,-1078.49873860683,840.113493726233,0
-917.244517198224,716.629957279066,-1078.49873860683,840.113493726233,0
-912.516452676584,712.935988427112,-1076.03609270553,836.961450711806,0
-910.152420415764,711.089004001135,-1071.72646237825,831.445375436559,0
-897.544248358056,701.238420395925,-1071.72646237825,831.445375436559,0
-902.272312879697,704.932389247879,-1074.18910827955,834.597418450986,0
-902.272312879697,704.932389247879,-1074.18910827955,834.597418450986,0
-902.272312879697,704.932389247879,-1077.88307713151,839.325482972626,0
-902.272312879697,704.932389247879,-1077.88307713151,839.325482972626,0
-908.57639890855,709.857681050484,-1069.3131414585,842.261398127782,0
-913.304463430191,713.551649902438,-1069.3131414585,842.261398127782,0
-893.604194590023,698.160113019297,-1069.3131414585,842.261398127782,0
-898.332259111663,701.854081871251,-1069.93565609513,843.044006284634,0
-899.12026986527,702.469743346576,-1069.93565609513,843.044006284634,0
-897.544248358056,701.238420395925,-1069.93565609513,843.044006284634,0
-911.728441922977,712.320326951787,-1069.93565609513,843.044006284634,0
-911.728441922977,712.320326951787,-1069.93565609513,843.044006284634,0
-907.000377401337,708.626358099833,-1074.91577318823,849.304871539454,0
-908.57639890855,709.857681050484,-1074.91577318823,849.304871539454,0
2072.20626783691,-1371.56340850046,-909.364409662157,710.47334252581,-1076.16080246151,850.870087853159,0
2069.68260802482,-1318.53323888311,-910.152420415764,711.089004001135,-1076.16080246151,850.870087853159,0
2067.54125842937,-1291.94316620055,-909.364409662157,710.47334252581,-1079.2733756447,854.783128637421,0
2057.42071658642,-1260.78903665958,-896.086339596014,712.779258950074,-1079.2733756447,854.783128637421,0
2067.48752929349,-1242.27183668305,-919.608549459044,718.476941705043,-1082.38594882788,858.696169421683,0
2067.48752929349,-1242.27183668305,-919.608549459044,718.476941705043,-1082.38594882788,858.696169421683,0
2072.21813086187,-1220.62976292049,-893.738515125457,710.911715040162,-1076.16080246151,850.870087853159,0
2072.21813086187,-1220.62976292049,-893.738515125457,710.911715040162,-1076.16080246151,850.870087853159,0
2073.94138918275,-1221.64483964641,-904.636345140517,706.779373673856,-1076.16080246151,850.870087853159,0
2076.52627666408,-1223.1674547353,-899.216772223424,715.269317496625,-1081.14091955461,857.130953107978,0
2076.52627666408,-1223.1674547353,-899.216772223424,715.269317496625,-1081.14091955461,857.130953107978,0
1987.50422310939,-1217.94415435288,-907.000377401337,708.626358099833,-1081.14091955461,857.130953107978,0
1849.37651648403,-1133.29938686889,-911.728441922977,712.320326951787,-1081.14091955461,857.130953107978,2087.63501304308,-1281.00802636241,0
1807.39501769812,-1043.5,-907.000377401337,708.626358099833,-1081.14091955461,857.130953107978,2087.63501304308,-1281.00802636241,0
1794.71963905004,-994.829340745484,-914.092474183797,714.167311377764,-1078.02834637142,853.217912323716,0
2079.1111641454,-1224.69006982418,1767.75694398972,-900.717151483261,-910.152420415764,711.089004001135,-1072.42571464168,846.174438912044,0
2085.14256826849,-1228.2428383649,1747.25562600558,-852.193509357966,-901.48430212609,704.316727772553,-1072.42571464168,846.174438912044,0
2084.52314690914,-1203.5,1718.91684068579,-783.355535377636,-901.48430212609,704.316727772553,-1071.80320000505,845.391830755192,0
2073.26481665995,-1197,1712.15115887703,-744.464511683435,-905.424355894123,707.395035149181,-1071.80320000505,845.391830755192,0
2044.46552976282,-1156.70294268304,1676.84135150799,-694.570429742638,-903.060323633303,705.548050723204,-1071.80320000505,845.391830755192,0
2050.98321324188,-1136.87855947766,1659.28764039027,-687.299444527701,-906.21236664773,708.010696624507,-1074.91577318823,849.304871539454,0
2043.24978693907,-1109.39411760359,1659.65909967455,-670.545802214482,-906.21236664773,708.010696624507,-1070.55817073177,843.826614441487,0
2061.78909697188,-1050.53401639731,1648.69993046415,-649.440173755455,-908.57639890855,709.857681050484,-1070.55817073177,843.826614441487,0
2061.78909697188,-1050.53401639731,1648.69993046415,-649.440173755455,-908.57639890855,709.857681050484,-1070.55817073177,843.826614441487,0
1977.80493914048,-986.097166972677,1637.53491964836,-645.042159034763,-927.488656995112,724.6335564583,0
1977.80493914048,-986.097166972677,1637.53491964836,-645.042159034763,-927.488656995112,724.6335564583,0
1630.09157910451,-642.110149220969,-901.48430212609,704.316727772553,-1068.69062682186,841.47878997093,0
1630.09157910451,-642.110149220969,-901.48430212609,704.316727772553,-1068.69062682186,841.47878997093,0
1626.29710295813,-624.276968107913,-918.820538705438,717.861280229718,0
1737.28826808288,-615.20604156784,-895.180216097236,699.391435969948,-1082.80836893411,845.62956900148,0
1751.10040200993,-602.952222054654,-904.636345140517,706.779373673856,-1068.69062682186,841.47878997093,0
1644.79636432019,-614.964161491625,1621.64729763333,-419.386506791189,-902.272312879697,704.932389247879,-1068.69062682186,841.47878997093,0
1641.98634775244,-613.913539347846,1560.94084378595,-360.371589058872,-897.544248358056,701.238420395925,-1089.50141386154,840.447259917502,0
1645.73303650943,-615.314368872884,1423.75310615261,-263.87704091263,-897.544248358056,701.238420395925,-1068.06811218522,840.696181814077,0
1647.2811642377,-599.561311249897,1374.86217010843,-217.756775336001,-889.664140821989,695.081805642668,-1058.73039263566,828.957059461291,0
1618.15069299333,-588.958686806802,1267.02089469918,-133.16926220299,-918.820538705438,717.861280229718,0
1607.20374231216,-569.140694993579,1207.05250081439,-84.4053332303916,-899.12026986527,702.469743346576,-1060.59793654557,831.304883931848,0
1596.83468591015,-565.468819542008,1205.74683649362,-73.7466357581071,-909.364409662157,710.47334252581,-1068.69062682186,841.47878997093,0
1579.96153982646,-544.024386097909,1169.81398375043,-71.5488883348523,-904.636345140517,706.779373673856,0
1561.99668689007,-537.838591163223,1162.82704016148,-71.1215485581083,-896.75623760445,700.622758920599,-1058.10787799902,828.174451304439,0
1475.95449651053,-508.211889107622,1105.62100142297,-28.9517048285077,-907.000377401337,708.626358099833,-1069.93565609513,843.044006284634,0
1450.42549496935,-499.421548937278,1105.83155084297,-19.3023615196356,-897.544248358056,701.238420395925,-1064.95553900203,836.783141029815,0
1397.19533284615,-440.53399627376,1095.8330738914,-19.1278374552627,-911.728441922977,712.320326951787,0
1358.90905822347,-415.460192411009,1107.83124623328,-19.3372663325101,-910.152420415764,711.089004001135,-1069.3131414585,842.261398127782,0
1358.90905822347,-415.460192411009,1107.83124623328,-19.3372663325101,-910.152420415764,711.089004001135,-1069.3131414585,842.261398127782,0
1224.79394773454,-328.182549189996,1095.95826767833,-9.56428290621783,-909.364409662157,710.47334252581,-1074.2932585516,848.522263382601,0
1224.79394773454,-328.182549189996,1095.95826767833,-9.56428290621783,-909.364409662157,710.47334252581,-1074.2932585516,848.522263382601,0
998.003731177414,-184.96905837453,1096.83292158656,-19.1452898617,-896.75623760445,700.622758920599,-1074.2932585516,848.522263382601,1287.12547217449,-391.351401521803,0
998.003731177414,-184.96905837453,1096.83292158656,-19.1452898617,-896.75623760445,700.622758920599,-1074.2932585516,848.522263382601,1287.12547217449,-391.351401521803,0
861.817288493197,-45.1659302376605,-909.364409662157,710.47334252581,-1070.55817073177,843.826614441487,1115.12499647231,-36.4544494445236,0
791.728601380641,-20.7321430598355,-899.12026986527,702.469743346576,-1070.55817073177,843.826614441487,980.095772394267,-150.678983145466,0
1086.96446508106,-47.4578934534856,684.882208274659,53.9013987650295,-905.424355894123,707.395035149181,-1074.91577318823,849.304871539454,0
1087.83429233015,-18.9882182037645,618.661593497258,81.4483439453122,-899.908280618876,703.085404821902,-1074.91577318823,849.304871539454,791.637576607086,-25.9412244649407,0
1076.95899114011,-9.39847873174873,538.692935900313,129.328731576172,-901.48430212609,704.316727772553,-1070.55817073177,843.826614441487,0
471.724032082396,153.272429209974,-898.332259111663,701.854081871251,-1070.55817073177,843.826614441487,0
1044.96020960206,9.11922959580076,480.283540729053,156.053582159348,-898.332259111663,701.854081871251,-1070.55817073177,843.826614441487,0
1024.8438875353,17.8887165982156,483.159992131251,166.365326927607,-913.304463430191,713.551649902438,-1068.06811218522,840.696181814077,0
1008.65424090034,26.412540842644,467.39942243495,174.753483248474,-899.908280618876,703.085404821902,-1073.04822927832,846.957047068896,0
981.166506848695,60.0107143627643,460.25242672622,195.365564244637,-910.152420415764,711.089004001135,-1073.04822927832,846.957047068896,0
957.343104866167,83.7566687804995,443.983092414304,197.674008534839,-888.088119314776,693.850482692017,-1073.04822927832,846.957047068896,0
909.792125307602,87.6030178034847,435.948692340983,207.936859758407,-903.84833438691,706.16371219853,-1077.40583173478,852.435304166863,0
863.245005179661,90.7307061163232,422.433201760608,206.034438990866,-890.452151575596,695.697467117994,-1074.2932585516,848.522263382601,0
833.73876737871,102.370248460324,408.090068890523,203.466202778073,-895.180216097236,699.391435969948,-1074.2932585516,848.522263382601,0
766.301119013489,155.905724714248,429.568493568972,214.174950292708,-892.955906968604,710.289200403524,-1069.93565609513,843.044006284634,0
483.322849652173,180.707008729885,-896.868947752866,713.401773586712,-1069.93565609513,843.044006284634,871.310839548956,137,0
434.847637837878,193.606642104081,-893.738515125457,710.911715040162,-1054.45553129646,837.516914311771,705.033962022344,233,0
423.228098989475,215.645487376285,-881.99939277267,701.573995490597,-1054.45553129646,837.516914311771,705.033962022344,233,0
413.261808448314,263.276808089944,-892.173298811752,709.666685766886,-1062.00737598906,846.842665849255,0
412.336525865119,219.243219821011,448.281361285594,425.40312777874,-907.042853791948,721.494463863001,-1065.78329833536,851.505541617996,0
411.071262355516,227.860521515778,354.560011794783,545.974539732471,-907.042853791948,721.494463863001,0
401.83578735598,232,339,587.165223765849,-890.608082498047,708.421656493611,-1055.37118768724,852.264659113259,0
401.83578735598,232,339,587.165223765849,-890.608082498047,708.421656493611,-1055.37118768724,852.264659113259,0
388.406028039643,242.703023018808,301.481987411086,661.541843927247,-893.738515125457,710.911715040162,-1056.00726590751,853.036283696647,0
388.406028039643,242.703023018808,301.481987411086,661.541843927247,-893.738515125457,710.911715040162,-1056.00726590751,853.036283696647,0
374.597297047623,277.187418626125,270.111404095807,685.717747602752,-887.500687983861,718.683886578915,-1061.73196989001,859.980904947136,0
374.597297047623,277.187418626125,270.111404095807,685.717747602752,-887.500687983861,718.683886578915,-1061.73196989001,859.980904947136,0
360.806932709039,302.75296416236,257.031281610004,725.833948140977,-889.832125868231,720.571847752064,-1054.73510946696,851.493034529871,0
360.806932709039,302.75296416236,257.031281610004,725.833948140977,-889.832125868231,720.571847752064,-1054.73510946696,851.493034529871,0
318.198051533946,318.198051533946,251.939897185643,752.968982233722,-878.108775895225,723.857014676096,-1081.45039471862,883.901267032156,0
318.198051533946,318.198051533946,251.939897185643,752.968982233722,-878.108775895225,723.857014676096,-1081.45039471862,883.901267032156,0
287.335394492116,374.462776617463,249.084155277997,744.434069336867,-872.946048508835,745.566359483051,-1076.42243450434,890.68426791128,0
262.72200500854,396.929651303972,253.526420467669,757.710600509753,-872.946048508835,745.566359483051,-1076.42243450434,890.68426791128,0
262.72200500854,396.929651303972,253.526420467669,757.710600509753,-872.946048508835,745.566359483051,-1076.42243450434,890.68426791128,0
184.00683710921,505.554629982819,-879.029296233636,750.761943869692,-1081.01810653167,920.950153256609,232.430632298364,817.845295004264,0
159.006833766563,573.360119659131,-872.444274737524,758.404237513026,-1088.8585683363,964.882330291141,212.557978698218,806.656799826053,0
158.99130257457,614.773751640098,-865.792813232086,765.988775737392,-1088.8585683363,964.882330291141,0
244.741459544958,753.236760905762,86.4083392496742,656.336498229462,-875.148198793617,801.925576439789,-1106.65622180272,1026.56113259188,0
236.354758410359,749.621523288106,85.755708288574,651.379273922593,-862.997367910621,804.758064873748,-1106.65622180272,1026.56113259188,0
149.776212845167,675.596836926994,-857.392506536524,813.635108470017,-1106.68617913009,1056.35727874418,0
144.148782882777,650.213140741876,-861.606542578251,846.69839127422,-1106.68617913009,1056.35727874418,0
145.768283214824,631.391801980832,-857.327039883326,842.492935688421,-1050.57221009421,1062.84676982192,202.183224770579,849.548615365699,0
141.944115290979,614.827510879483,-871.155554421826,871.155554421827,-1050.57221009421,1062.84676982192,202.183224770579,849.548615365699,0
145.768283214824,631.391801980832,-857.720525579282,857.720525579282,-1061.02954400158,1081.34928865923,215.260585979384,863.437001162607,0
147.567891649575,639.186762499114,-862.819304353116,878.011302908797,-1061.02954400158,1081.34928865923,215.260585979384,863.437001162607,0
146.893038486544,636.263652304759,-849.567187071353,879.752575814171,-1059.50400107363,1089.3420361539,190.12983466121,854.418501080106,0
146.893038486544,636.263652304759,-849.567187071353,879.752575814171,-1059.50400107363,1089.3420361539,190.12983466121,854.418501080106,0
146.893038486544,636.263652304759,-849.567187071353,879.752575814171,-1059.50400107363,1089.3420361539,190.12983466121,854.418501080106,0
153.672125896053,693.170165055153,-843.234355224848,888.583604490053,-1055.1746469886,1104.02640559593,0
159.083116244506,717.577565233151,-837.493986156748,898.102345588341,-1044.86333259298,1113.77685088752,0
154.06256289596,724.80737214375,-829.914671672992,954.707618981806,-1044.86333259298,1113.77685088752,0
175.061643668553,823.600279817864,-830.481591715009,989.72942050972,-1029.5217008333,1146.01833838696,0
175.061643668553,823.600279817864,-830.481591715009,989.72942050972,-1029.5217008333,1146.01833838696,0
232.419502502064,867.401392007583,115.920090898336,1017.41758021283,-820.73029715903,1239.98821741388,-930.94776213753,1070.93289433611,0
232.419502502064,867.401392007583,115.920090898336,1017.41758021283,-820.73029715903,1239.98821741388,-930.94776213753,1070.93289433611,0
237.040439581414,854.740211996049,122.586717473367,1273.11173771162,-848.604142870298,1440.64395625823,-927.667466992578,1067.159346435,0
237.040439581414,854.740211996049,122.586717473367,1273.11173771162,-848.604142870298,1440.64395625823,-927.667466992578,1067.159346435,0
239.407616719832,893.481389317388,144.056166037897,1496.08048614587,-842.229470540702,1617.90775971708,-928.710709112162,1087.38053080804,0
239.407616719832,893.481389317388,144.056166037897,1496.08048614587,-842.229470540702,1617.90775971708,-928.710709112162,1087.38053080804,0
244.824958346864,981.939274991308,180.672329173579,1585.74068165983,-856.680073008525,1681.32931114345,-922.313419402757,1118.85564591219,0
244.824958346864,981.939274991308,180.672329173579,1585.74068165983,-856.680073008525,1681.32931114345,-922.313419402757,1118.85564591219,0
308.614771017507,1285.47303476573,184.181628800384,1616.54140918581,-854.915009918394,1714.69423682948,-934.540780709008,1154.0617527636,211.220713333734,1013.70039958303,0
308.614771017507,1285.47303476573,184.181628800384,1616.54140918581,-854.915009918394,1714.69423682948,-934.540780709008,1154.0617527636,211.220713333734,1013.70039958303,0
347.212523665658,1633.50649322546,186.898505930814,1640.38713372205,-873.209120255896,1751.38654565516,-951.812640853468,1218.26462507599,286.163536363491,1316.15489067433,0
347.212523665658,1633.50649322546,186.898505930814,1640.38713372205,-873.209120255896,1751.38654565516,-951.812640853468,1218.26462507599,286.163536363491,1316.15489067433,0
407.29639947495,2197.57471840544,188.936163778636,1658.27142712422,-854.385365091912,1751.74959623708,-993.002054265707,1392.13753638931,0
407.29639947495,2197.57471840544,188.936163778636,1658.27142712422,-854.385365091912,1751.74959623708,-993.002054265707,1392.13753638931,0
443.925740098871,2395.20895482579,206.324798384915,1680.38063472876,-847.809797890076,1738.26768554259,-965.054849030357,1574.82638356201,0
205.471712981079,1673.43281166727,-961.477760585504,1808.27667017508,406.926604983681,2432.0622515426,0
473.812366279583,2556.46275966628,230.820536409349,1879.88241120866,-845.523794131492,1772.67749846313,-1060.74465315035,1817.19994063253,0
475.270250483521,2564.32879892679,245.201118931157,1997.00285710234,-862.276045734115,1767.92788907046,204.800368789583,1774.89866527857,-1060.74465315035,1817.19994063253,0
458.431189040696,2599.89246795223,269.574987612186,2195.5120874306,-874.112066697421,1792.19532832054,-1119.0517108581,2133.09274216794,0
349.717066732659,2340.0115327143,-876.742293578155,1797.58809259833,430.790836008358,2594.27793159409,-1119.90485196564,2301.6599056967,0
349.717066732659,2340.0115327143,-876.742293578155,1797.58809259833,430.790836008358,2594.27793159409,-1119.90485196564,2301.6599056967,0
442.162536100756,2642.25912651824,282.649124182141,2935.42338898481,-883.272167038062,1894.1832749066,-1121.33655099408,2407.85409113748,0
442.162536100756,2642.25912651824,282.649124182141,2935.42338898481,-883.272167038062,1894.1832749066,-1121.33655099408,2407.85409113748,0
467.808190634711,2653.07208661489,281.164426103945,3213.72409604397,-906.496218095115,2135.57126000966,-979.495806522693,1907.34638878034,297.484962719773,2798.1928388175,-1113.16071608452,2466.40073926298,0
467.808190634711,2653.07208661489,281.164426103945,3213.72409604397,-906.496218095115,2135.57126000966,-979.495806522693,1907.34638878034,297.484962719773,2798.1928388175,-1113.16071608452,2466.40073926298,0
524.838313417385,2831.77413378419,295.283656429066,3375.10763713483,-996.516835463364,2529.80536734313,-962.026676467484,2151.03170581369,0
542.879630441107,2929.11636963302,325.20463830112,3377.37930105984,-1015.97313696093,2646.70050911957,456.208321144034,2675.07417989311,-962.026676467484,2151.03170581369,0
542.879630441107,2929.11636963302,325.20463830112,3377.37930105984,-1015.97313696093,2646.70050911957,456.208321144034,2675.07417989311,-962.026676467484,2151.03170581369,0
555.550241327042,3319.83733477432,276.568312440654,3514.13360140928,-890.104090302094,3004.94104907692,-1060.51126596045,2624.85749227858,0
555.550241327042,3319.83733477432,276.568312440654,3514.13360140928,-890.104090302094,3004.94104907692,-1060.51126596045,2624.85749227858,0
481.250070715331,3655.45720388524,276.803689727837,3517.12435341048,-864.783384989239,3118.3081465831,-1078.61311024961,2738.2189025711,552.886904474855,3232.28729632723,0
481.250070715331,3655.45720388524,276.803689727837,3517.12435341048,-864.783384989239,3118.3081465831,-1078.61311024961,2738.2189025711,552.886904474855,3232.28729632723,0
341.498416229558,3546.59665478226,-836.76197281645,3122.83819639256,-1036.32103427678,2847.2686409813,0
278.765167121033,3542.0472867538,-840.126620402783,3135.39523213432,-1092.88365713137,3086.20824183579,-1040.47817066948,2838.51000395184,0
281.118939992869,3571.9548067658,-845.820639395038,3156.64560031268,-1076.93200383888,3218.61048576984,-1040.47817066948,2838.51000395184,0
281.118939992869,3571.9548067658,-845.820639395038,3156.64560031268,-1076.93200383888,3218.61048576984,-1040.47817066948,2838.51000395184,0
314.632231319046,3596.2628601112,-827.505913399929,3199.72795144965,-1043.76698586017,3414.00797878804,404.60267168671,3966.2146976022,-1082.95899605753,3165.34499054434,0
314.632231319046,3596.2628601112,-827.505913399929,3199.72795144965,-1043.76698586017,3414.00797878804,404.60267168671,3966.2146976022,-1082.95899605753,3165.34499054434,0
352.137294759303,3657.08563280101,-794.181127837789,3308.0024691929,-1026.43145575998,3465.17452181365,0
352.137294759303,3657.08563280101,-794.181127837789,3308.0024691929,-1026.43145575998,3465.17452181365,0
357.792194157996,3715.81400850468,-846.939780069224,3527.75807120277,-1056.92371257269,3457.04169280637,0
357.792194157996,3715.81400850468,-846.939780069224,3527.75807120277,-1056.92371257269,3457.04169280637,0
327.008346789213,3737.72250724023,-980.764840207203,3536.52376327565,397.313851156337,3957.97618467352,0
327.008346789213,3737.72250724023,-980.764840207203,3536.52376327565,397.313851156337,3957.97618467352,0
320.384510340391,3662.01171018526,-985.495695958281,3810.62911252823,-1058.67794280103,3462.77952134215,392.675510818827,3952.733494628,0
318.292772514448,3638.10303743105,-982.240755905574,3798.04319320332,-1055.46185404908,3452.26016902656,402.614811542063,3963.96783043983,0
318.292772514448,3638.10303743105,-982.240755905574,3798.04319320332,-1055.46185404908,3452.26016902656,402.614811542063,3963.96783043983,0
315.242321518279,3603.23622299784,-1013.51855733911,3534.5592559652,0
285.826485736539,3631.76984678979,-1009.93527171348,3522.062853918,0
313.934985377065,3588.29330252647,-1009.95856576715,3409.56297719129,0
290.53403148021,3691.58488681377,-944.153182684481,3404.50639118606,-1013.63594829853,3723.43676285807,0
290.53403148021,3691.58488681377,-944.153182684481,3404.50639118606,-1013.63594829853,3723.43676285807,0
316.026723203008,3612.20197528067,95.6767460652763,3653.74752278566,-906.901934039233,3384.6040953169,-1016.34230049407,3714.85331030134,0
316.375346173999,3616.18675407304,89.2372167815395,3407.83182084167,-880.085714251361,3403.03895592905,193.657619432581,3803.77121075609,-1016.34230049407,3714.85331030134,0
316.549657659494,3618.17914346922,86.9598222787546,3320.8616335688,-913.890048257001,3410.6840926267,193.657619432581,3803.77121075609,-1016.34230049407,3714.85331030134,0
316.549657659494,3618.17914346922,86.9598222787546,3320.8616335688,-913.890048257001,3410.6840926267,193.657619432581,3803.77121075609,-1016.34230049407,3714.85331030134,0
315.329477261027,3604.23241769594,78.2428984922328,2987.97574435194,-986.376846104846,3556.76000279303,68.7686144281279,3389.55987063968,-910.454271300586,3338.4280058598,0
308.8799522977,3530.51401003715,100.650148490013,2882.24314512307,-987.057371180674,3442.27813315512,0
299.379976338206,3421.92878794515,122.570478496595,2807.32550264502,-882.589514291906,3412.72043233283,-1056.62450582896,3157.91777183664,0
121.349135650365,2779.35215244073,-882.589514291906,3412.72043233283,-1048.00388919759,3043.6242948542,287.940668556337,3477.50596385715,0
121.349135650365,2779.35215244073,-882.589514291906,3412.72043233283,-1048.00388919759,3043.6242948542,287.940668556337,3477.50596385715,0
300.476434150902,3120.56708188111,120.302270353597,2755.37499512276,-883.841414312178,3417.56117053472,-1042.81941699996,2865.12280077623,287.940668556337,3477.50596385715,-1008.33319012694,3192.34784308474,0
300.205746504701,2856.26688349768,119.386263218925,2734.39498246954,-904.054924543105,3373.97891122772,-1053.60177166318,2744.72645390177,308.143470769836,3135.55614109585,0
270.415134473419,2572.82814331772,119.517121381021,2737.39212713429,-885.161134250621,3303.46632590861,-1031.38295879137,2686.84446745895,308.143470769836,3135.55614109585,0
256.930962711892,2444.53481881522,119.822457092579,2744.38546468536,-911.282862426856,3285.9798454414,-1001.94331778334,2679.81913343967,0
287.027096691894,2180.18725016101,118.950069345272,2724.40450025373,-878.947018921387,3169.38056060316,-997.040414445704,2666.70572279019,0
291.706819612298,2075.60187208233,116.638241814909,2671.45494450989,-878.180615632959,3062.57976325948,-1018.48171260774,2653.23557210505,247.671365473202,2330.72679063198,0
302.857124317887,1912.16462739219,114.10831734772,2613.51014765814,-868.636334731251,2841.18142996618,-1009.88088181866,2630.82964186911,0
311.60987986496,1862.10721570229,110.749624520589,2536.58343459634,-876.372196047351,2697.19628021306,-1012.38945746547,2637.36470485459,0
294.444928855449,1759.53351314242,86.3413548419877,2472.49290604524,-961.418622888455,2641.47595702919,0
312.045775267474,1769.69953216294,98.3617185088332,2252.85373966709,-865.362439092144,2314.51697963279,79.838742653769,2468.33070541301,-937.066339347575,2614.0172189109,0
304.578903627796,1727.35279878341,104.410232704673,1992.26592183537,-863.333823415642,2084.27222534546,79.838742653769,2468.33070541301,-937.066339347575,2614.0172189109,0
300.064051008456,1701.7477972051,130.095823532794,1860.45695373457,-885.465671976017,1988.78846128794,79.838742653769,2468.33070541301,-937.066339347575,2614.0172189109,0
295.201902033782,1674.17318012075,124.671503111546,1584.10164330194,-988.453808475429,2509.33618084752,-854.534125239694,1832.55434538811,83.0273346434856,2049.5720843046,-935.260535664463,2093.63946309334,0
197.094550252278,1497.08174067445,-993.456685738999,2458.89158231112,-861.452704713399,1806.07315398407,240.411352163672,1727.45739006507,83.0273346434856,2049.5720843046,-935.260535664463,2093.63946309334,0
173.688029998162,1235.85454978948,-973.929335369153,2351.27341024122,-871.481839816686,1786.80256404274,246.339665227899,1660.44297938927,0
230.070596317446,1130.83310913244,146.972492439778,1116.36691390691,-866.516153059249,1737.96253023113,91.69488067976,1392.46322202181,246.339665227899,1660.44297938927,-1083.49309821089,2320.88924321441,0
179.736842782278,1074.06502007404,-893.021817996555,1715.47895136668,274.702244030745,1644.11945458489,-1086.07811341432,2135.45769823508,0
194.445305700121,1049.13298637074,-938.09412267039,1727.75444349342,256.9262449753,1626.90329926035,-1091.04468751149,1910.08772032784,0
220.119087375051,992.893039240972,-858.390672003928,1648.95313887831,-1090.48882195151,1447.12754420569,0
220.119087375051,992.893039240972,-858.390672003928,1648.95313887831,-1090.48882195151,1447.12754420569,0
248.695708676459,997.464006611724,-853.499301144749,1605.19872381753,-1130.42980225605,1277.71845966604,-1151.08056926227,1619.23232300532,0
360.518157242572,939.181909056185,188.137669441273,967.884402879397,-868.142736462412,1534.43709194204,-1145.55159808637,1272.2639412173,338.622325228799,1235.87046616462,0
362.598487238046,854.228504003865,185.275534510625,953.159995127682,-887.410603070024,1476.89925910974,-1162.01515709894,1268.11701931341,0
338.812233188128,710.33461878334,189.282523413533,973.774165980083,-882.859875759359,1359.48499063953,-1139.72068024762,1243.78686719868,0
280.55753394501,575.228189631467,177.861872880336,959.65678978242,-868.746602888275,1195.72711768617,-1118.77738381153,1220.93126975757,-1009.3132045668,1424.00209024953,0
250.748295963352,514.110194483124,171.911695890261,974.959675482086,-926.129888724424,1123.48539341252,-1249.87036263543,1335.97719974312,326.70058052632,758.206139893383,-1009.3132045668,1424.00209024953,0
222.484943762463,499.709365330503,159.766082473136,954.72446228804,-911.102566296639,1029.81411608488,-1199.96358746865,1315.83330806492,0
211.776271641186,498.913630571223,170.696158646593,968.066021211,-930.92776148531,998.297802710168,-1181.18919296695,1220.28628611886,0
207.868960356294,489.708582036698,183.019763794987,899.570878841922,-1125.66027846556,1145.48022134162,0
210.140759323605,483.29065920096,191.070843861521,898.917645074367,-889.616043311128,1023.38619078208,-1108.67189784485,946.895254465408,-1181.18919296695,1220.28628611886,0
181.257124563938,511.854329663053,-868.622154383432,999.23548421495,-1055.93440983301,824.986376936382,-1211.52762591147,1080.48830540218,141.183360790089,965.085147960355,0
183.927579437808,519.39546159179,-875.838803702327,1007.5372895974,-1028.97928235773,789.56357342431,-1211.52762591147,1080.48830540218,141.183360790089,965.085147960355,0
180.928655819279,497.097396395745,-875.182744673337,1006.78258001718,-939.993995325664,708.336282249961,161.954181478979,902.940035547123,0
187.360948973815,501.119621247893,-870.260384762446,1018.94399390404,-915.80723763244,665.37290559508,-1075.4204312302,836.173439958199,161.954181478979,902.940035547123,0
190.293381208555,495.731206470014,-875.455969149087,1025.02724162884,-915.065842632503,652.710122219096,-1075.4204312302,836.173439958199,161.954181478979,902.940035547123,0
189.481134216462,481.025882646707,-902.081164861948,1037.72567280631,-931.178560525564,676.540825388637,208.633202803839,885.021638069858,0
184.55949401583,480.793919646059,-904.70540097791,1040.7445111272,-930.369543531189,675.953040136344,200.837756010783,906.783578430989,0
178.825606823105,465.856632822104,-956.160729575309,1080.74310509853,-931.987577519939,677.128610640929,200.837756010783,906.783578430989,0
181.954716249256,499.916474258103,-966.89372618855,1073.84427281483,-928.75150954244,674.777469631759,214.887838849508,901.530467712097,0
188.015129309565,477.304212374779,-1005.94758109219,1078.74670988828,-907.554395636838,671.554926242264,214.887838849508,901.530467712097,0
166.902249269078,498.818242638461,-996.049071028862,1049.61671485478,-904.854032883583,681.856421231271,214.887838849508,901.530467712097,0
138.560714419952,681.047669711477,-887.53846634198,771.525418092837,-1049.87458879221,1160.53591227973,214.887838849508,901.530467712097,0
242.833119721854,819.790873312305,59.0837332612743,844.936750570071,-847.928245869707,763.478021855457,-1111.7381738419,1080.08727423144,0
242.833119721854,819.790873312305,36.4350745574111,1043.36402340794,-832.264681456566,832.264681456566,-1118.28320940825,1113.0349638382,0
234.016115088632,816.111179851633,20.3495059058724,1165.82241255235,-821.692384608678,912.58184568624,-1118.28320940825,1113.0349638382,4.98621561544655,946.266278402298,0
225.431388284296,841.321394697778,11.5015737868568,1317.94981459858,-832.626390343593,1010.05657965453,-1113.39169443885,1159.29940307436,0
196.960048683674,888.429366479139,24.6777027023187,1413.78464095114,-795.242815497674,1297.71833014693,-996.737425604555,1050.34208922579,-25.0263954831544,1212.67599071725,0
196.960048683674,888.429366479139,24.6777027023187,1413.78464095114,-795.242815497674,1297.71833014693,-996.737425604555,1050.34208922579,-25.0263954831544,1212.67599071725,0
211.329832220654,1198.51103541586,61.1107616988361,1399.66655843618,-803.156063597656,1610.88185088365,-971.165664728998,1041.4476711057,-897.952100386454,1363.4212444065,0
211.329832220654,1198.51103541586,61.1107616988361,1399.66655843618,-803.156063597656,1610.88185088365,-971.165664728998,1041.4476711057,-897.952100386454,1363.4212444065,0
198.269285982259,1506.00474442682,50.0807777680891,1434.1258367724,-822.751393429978,1805.36316141906,-971.400990684271,1097.96908667668,0
117.845561783223,1497.36983526716,-809.405919720842,1817.95546070878,-965.079799818653,1129.96326488165,0
239.107651760899,1947.37554952027,50.3948732384116,1443.12035421557,-826.08212208695,1855.41082447212,-943.04414127926,1251.46184424411,0
274.627108430989,2085.9999883305,38.1136367362633,1455.50106516441,-833.81011830539,1872.76818816733,-959.019801578949,1369.62221805119,0
326.360921751354,2322.17862119898,38.1136367362633,1455.50106516441,-818.63183850353,1882.72433271266,-950.424889218311,1550.95245896009,240.430592785411,2071.05459361541,0
340.974097352161,2426.15676841685,54.5479133460092,1562.04786263085,-811.548553872221,1911.88858062072,-941.290483385711,1770.30992368215,0
342.226655260802,2435.06918103552,57.5841695591268,1648.99486458151,-912.325133843725,2001.9147959284,-1046.02414077732,1604.46737649403,0
326.96811151123,2483.56937774139,65.052661853462,1862.86450156359,-815.498394370006,1968.78728378155,-1023.32819167317,1944.59099830805,0
331.014423470051,2514.30416844398,87.5877298295951,2006.08882893637,-811.28887661399,1958.62460892393,28.3724589049771,1684.58915239472,-1023.32819167317,1944.59099830805,0
337.018628312174,2559.91063206718,133.940495739476,2189.90774773758,-818.177178396562,1975.25444050913,-1048.71863903788,2478.88425195869,0
337.018628312174,2559.91063206718,164.555521562392,2353.25359456293,-806.153389031043,1995.29965502773,64.689978128049,2110.28180080785,-1048.71863903788,2478.88425195869,0
337.018628312174,2559.91063206718,164.555521562392,2353.25359456293,-806.153389031043,1995.29965502773,64.689978128049,2110.28180080785,-1048.71863903788,2478.88425195869,0
317.469639570409,2585.58272502564,223.52996372863,2840.21748380568,-817.384027859597,2186.19288970576,-1078.13745650849,2741.93881404514,0
318.932071691271,2597.49327884534,209.129908284888,2990.69702267895,-803.139303316453,2267.99542756778,-861.865645816494,2072.87814649726,-1078.13745650849,2741.93881404514,0
341.717571232095,2595.60264707664,251.853697286382,3200.10464128334,-805.607304335488,2479.40433798147,-862.174476089228,2260.52779528631,-1064.52690990814,2871.90684100403,0
342.109149808756,2598.57698166076,285.957991955066,3268.51480443902,-790.280717865557,2584.89175536808,-1056.49870947489,2983.46031930674,-862.174476089228,2260.52779528631,0
411.944828818225,2756.38721118966,294.412099001589,3365.14569015392,-819.194221488121,2856.86976032868,-1061.50581236339,2997.59994167313,-829.747498428302,2588.10361596871,0
466.956878145089,2948.24969667649,329.901080174611,3426.15371477983,-868.257483878256,3130.83534247482,-1065.17768781496,3007.96899807514,339.020783810841,2638.74247240981,254.262218875419,3233.03871445851,-829.747498428302,2588.10361596871,0
529.472719601054,3164.00420973144,304.173542189327,3476.71949634019,-926.248211487238,3339.94315082109,-1050.60843443324,3051.188443459,462.21427236473,2974.74100520093,0
526.245540395337,3322.58357776204,303.214829019103,3465.76135466118,-952.972049095064,3436.30619614195,-1059.72434275804,3077.66296357578,462.21427236473,2974.74100520093,0
506.450914393679,3603.58550215057,306.701058729009,3505.60914258485,-959.183381149942,3579.72111222729,-1021.61018340358,3144.19284287178,519.338013316361,3328.31117763391,0
472.853052411972,3851.07906836833,309.315731011439,3535.4949835276,-954.29155820518,3221.63430915713,519.338013316361,3328.31117763391,-1068.89651504278,3049.66959079962,0
372.957556938988,3548.454122674,-971.332478887415,3279.16349324922,-1031.68234580136,3605.31657118723,0
372.957556938988,3548.454122674,-971.332478887415,3279.16349324922,-1031.68234580136,3605.31657118723,0
345.428092082888,3587.40789891531,-976.583151659628,3405.75018870946,-1052.12629063508,3601.3609931623,0
380.274549367723,3618.07065534978,-986.50609646904,3440.35560976324,0
380.379077830991,3619.06517724515,-992.294480941197,3460.54210537795,0
386.337200237247,3675.75292528114,-993.672667720282,3465.34841385764,0
393.131550349645,3740.39684848008,-992.01884358538,3459.58084368201,0
393.131550349645,3740.39684848008,-992.01884358538,3459.58084368201,0
392.713436496574,3736.4187608986,-1021.88721024471,3449.83340605576,0
389.995696451615,3710.56119161903,-1022.73925627883,3452.70986526036,401.952191493847,3963.21887471905,0
384.246630971894,3655.86248737377,-1021.0351642106,3446.95694685115,401.952191493847,3963.21887471905,0
381.215305537132,3627.02135240809,-1098.44049464332,3592.83696815312,-1045.55263413088,3353.12981155786,0
381.215305537132,3627.02135240809,-1098.44049464332,3592.83696815312,-1045.55263413088,3353.12981155786,0
381.215305537132,3627.02135240809,-1098.44049464332,3592.83696815312,-1045.55263413088,3353.12981155786,0
340.252421446795,3533.65650420348,-956.980624736238,3450.76065294008,-1124.51284253043,3460.89466279806,0
335.268442315744,3481.89590188839,-1011.8647332042,3528.79168578957,-1120.58962644777,3164.44748559644,0
335.268442315744,3481.89590188839,-1011.8647332042,3528.79168578957,-1120.58962644777,3164.44748559644,0
392.022729278261,3440.73933620802,-1000.56360161571,3489.3799562561,-1073.73583094153,2871.83693223559,-1110.19169128795,3219.08902529435,0
365.117922193914,3473.86498052138,-1033.53183937757,3489.14501518535,-1050.97235115966,2810.95323993444,380.748349950944,3939.2522916538,0
363.131881391828,3454.96906450938,192.543983017791,3673.95805836208,-1018.19501076356,3437.36874950247,-999.040838654278,2744.84214531564,380.748349950944,3939.2522916538,0
362.922824465293,3452.98002071864,155.06692208377,3551.6164277235,-1000.87007473662,3378.88074567551,-988.096194067857,2714.77198145049,380.748349950944,3939.2522916538,-1121.55058905693,2864.29791334329,0
364.804336804111,3470.88141483527,109.863615619473,3146.08232345611,-909.603274196097,3172.16359659645,-977.835589768087,2686.58120282691,155.287414752671,3510.49575249472,0
364.804336804111,3470.88141483527,109.863615619473,3146.08232345611,-909.603274196097,3172.16359659645,-977.835589768087,2686.58120282691,155.287414752671,3510.49575249472,0
363.131881391828,3454.96906450938,73.2169244171212,2796.04153795663,-970.518668436783,2818.59087386156,69.9118387219974,3001.94272752172,-1064.23381496102,2595.43188773377,-931.66232891929,3017.41846301713,0
356.337531279431,3390.32514131044,71.6724844669567,2737.06175578308,-954.020003690118,2694.06938154145,69.9118387219974,3001.94272752172,-931.66232891929,3017.41846301713,0
343.585058760777,3268.99347007551,91.5064803539578,2620.40274844407,-849.578036020961,2334.1964700322,-938.255984921077,2612.40950518967,0
334.804667846294,3185.45363086458,113.933839798258,2609.51395477181,-843.239785280092,2196.71474354792,-938.255984921077,2612.40950518967,0
333.836277401557,2930.04340239026,113.366787762509,2596.52632789125,-956.630340881895,2628.32026033819,-827.959261268771,1950.54978446572,-895.192640304508,2169.79764930535,0
315.723763198692,2771.071905482,112.450780627837,2575.54631523803,-958.682461741849,2633.9584160629,-818.35412586851,1838.05346077691,-895.192640304508,2169.79764930535,0
304.064011795843,2476.4026483451,112.363541853106,2573.54821879487,-1017.0569011242,2517.30416514883,-807.91802353227,1656.47742732936,0
303.60392310384,2306.10074755548,111.709251042626,2558.56249547114,-1023.67818157661,2471.37774946769,-796.016898587899,1596.56290109801,0
399.398358060916,1879.02154100964,108.394177602861,2482.63483063092,-962.979001454469,2214.70007964007,-791.437123084848,1520.33656806747,281.138499580191,2323.79603912067,0
438.846318617798,1760.11644746466,107.696267405015,2466.65005908561,-955.017637941978,2145.00473454483,-790.59011173144,1486.88374637443,2628.39175629575,2804.82277944589,-1025.25308906747,2363.20016106233,0
490.599720524752,1604.67938050597,102.636418470636,2350.76046538211,-783.548038289651,1473.63953248155,-1075.0065700761,1918.25954932315,0
515.131329623037,1585.41121266402,118.593276846511,2262.89452575386,-789.651168605868,1485.11785118872,-1053.87960503207,1719.7752115022,0
521.648855129971,1559.04408915899,210.415796557786,2001.97257537633,-944.06479131013,1571.18766218697,-1075.0065700761,1918.25954932315,0
519.745027191541,1553.35414722775,227.53006413741,1853.08366511435,-783.971843106537,1443.89651610361,-983.9525123376,1354.29444858366,-1081.09123060132,1599.54600854407,131.241207793989,2163.75200874486,0
504.514403684096,1507.83461177786,226.156289060107,1609.18561170505,-781.108890544979,1438.62361342764,-975.559776108885,1122.25314579126,-1081.09123060132,1599.54600854407,131.241207793989,2163.75200874486,0
499.75483383802,1493.60975694976,230.11509807418,1452.88954901545,-790.724490621776,1426.50474234435,-968.437671288748,1038.52225629922,-1081.09123060132,1599.54600854407,131.241207793989,2163.75200874486,0
505.607343871964,1468.39034790574,217.754814794331,1234.94892227731,-809,1401.22910332322,-958.460537853161,878.267269900358,-1059.38377972039,1206.96711408888,197.928491514514,1626.38843366595,0
505.607343871964,1468.39034790574,217.754814794331,1234.94892227731,-809,1401.22910332322,-958.460537853161,878.267269900358,-1059.38377972039,1206.96711408888,197.928491514514,1626.38843366595,0
515.691479395687,1343.42223372947,240.697628147935,1042.5759693202,-903.956463689248,1290.98362179945,-943.696865483181,777.923663399706,-1055.90585699009,996.70439373763,0
515.084065946879,1274.87780002933,254.017990379651,1018.8105125898,-938.229621094043,1245.07276016373,-954.781951359945,759.467856697896,-1055.90585699009,996.70439373763,-904.879558644924,1452.299963876,508.995940182026,1495.27958391547,0
515.084065946879,1274.87780002933,254.017990379651,1018.8105125898,-938.229621094043,1245.07276016373,-954.781951359945,759.467856697896,-1055.90585699009,996.70439373763,-904.879558644924,1452.299963876,508.995940182026,1495.27958391547,0
494.071016161486,949.101591500697,244.341114555665,979.998683538756,-908.670334588218,789.895070904571,-1029.37769132327,1313.49433150079,515.793801045259,1359.82089757293,0
468.092743814676,862.119587521388,250.380004054441,968.147640378108,-913.60350673106,753.116612808873,-1108.79771832913,1147.44951257837,0
468.092743814676,862.119587521388,250.380004054441,968.147640378108,-913.60350673106,753.116612808873,-1108.79771832913,1147.44951257837,0
382.613106200394,676.266375745302,246.034567824862,986.790753622688,-1130.74917472308,748.426552083151,-1177.1630596388,954.69014091944,0
323.935378322265,609.23383907266,234.145699947473,975.28703015887,-1008.69616919221,642.610331582801,-1198.0422513129,853.477873105842,0
286.256358853268,586.912512233356,234.174047571963,1014.31923744143,-972.711166291421,607.817396075486,-1167.95347324548,806.24795214032,0
286.256358853268,586.912512233356,239.122970767528,1035.75537886671,-1101.61109234549,675.068145613006,0
267.89183475593,587.834980986247,247.244177302861,991.642232254068,-1145.9483808919,702.238070978235,0
267.89183475593,587.834980986247,247.244177302861,991.642232254068,-1145.9483808919,702.238070978235,0
236.7401897314,633.190399931917,-854.991667663293,667.992700728339,-1150.45637926293,561.115067890019,204.876674003143,1033.73536999149,0
234.372639002626,610.56159892917,-859.719732184934,671.686669580293,-1137.87326261475,554.977871834972,204.876674003143,1033.73536999149,0
235.293787556999,597.32807864446,-979.17746858876,623.804845290662,-1228.47771880725,684.242132311858,232.609511926071,1025.25659055453,0
250.81316435398,576.830786788243,277.660672745309,1001.21204088376,-935.117683259148,607.272524041755,-1232.46359345086,712.380835313169,0
239.748219786184,593.397666922744,-979.17746858876,623.804845290662,-1232.46359345086,712.380835313169,261.76771172339,997.7629922093,0
268.306527998587,588.744942257124,286.287467461554,966.490292747139,-997.732080396644,635.625436674292,-1232.46359345086,712.380835313169,0
268.306527998587,588.744942257124,286.287467461554,966.490292747139,-997.732080396644,635.625436674292,-1232.46359345086,712.380835313169,0
253.975233518028,598.328154744086,-885.686780642448,667.412860675621,-1124.20443317584,816.241669083967,273.730616432482,1012.68460725145,0
239.942512092911,579.272466884577,-879.035501042689,674.507663341662,-1155.96112487207,901.802105796232,277.027182935362,992.951699417231,0
246.551342076732,580.83856252849,-879.419020700587,737.920175920147,-1155.96112487207,901.802105796232,277.027182935362,992.951699417231,0
245.682763578388,593.130659872246,-949.49633042322,1054.52250735242,-892.874500232874,672.82919588399,-1155.96112487207,901.802105796232,277.027182935362,992.951699417231,0
228.469455741547,627.714670684987,-916.719936759905,1173.34801212041,-889.679958192684,670.421935791382,332.562623488338,1013.85179146647,0
232.36229095373,810.343609676003,-927.525128117522,1276.62881712367,-871.825486733589,693.481305214308,332.562623488338,1013.85179146647,0
352.658832928284,943.228894573136,184.016603467073,904.470502365026,-928.112913369815,1277.43783411804,-845.571433747234,722.186229743164,0
355.859373898483,927.045363511721,189.96979434564,1135.21472736935,-915.769423071673,1260.44847723617,-810.344371239783,810.344371239784,0
361.234893141663,941.049069909179,188.309189779124,1260.00620992308,-894.20566427128,1277.05803704654,-796.265421567041,884.342342318099,0
366.134725497573,929.487150414043,187.191311470307,1524.55088892107,-759.988778165136,1085.37645868291,-1042.12623912184,1371.5087733623,147.223430101005,1320.59623967557,0
352.308625547024,942.292222383888,210.7120947475,1716.11229618785,-807.782781050857,1318.18169409143,-919.569622769513,1015.88667631074,-1042.12623912184,1371.5087733623,147.223430101005,1320.59623967557,0
357.799401748415,1039.12491458365,226.46294350179,1720.15683448356,-737.118787257404,1478.43156536655,-886.992167024288,1290.58161138208,0
378.913729320667,1239.37096372809,260.440182410374,1742.6459512437,-763.488625068041,1798.66648364607,-863.229445028059,1304.19742571305,0
378.142302150734,1363.5370912902,249.119850718518,1772.57984304741,-756.458531958949,1920.3818603149,-863.229445028059,1304.19742571305,-852.825759156874,1689.64782034431,0
383.582166211404,1483.20218505926,252.738351343479,1798.32681283469,-771.156653533347,2062.55216072497,-852.360089798517,1312.51943883459,364.186952825462,1231.13234250183,-852.825759156874,1689.64782034431,0
340.415961619331,1836.72016732947,-751.694731023663,2246.57873918349,-857.409369529325,1372.1418195811,364.186952825462,1231.13234250183,-852.825759156874,1689.64782034431,0
298.901214213688,1786.16322438393,-761.41787413987,2343.40325615126,-874.5,1514.67843121898,0
451.169635586118,2217.56960655694,257.052717473241,1829.02512296568,-748.456734966135,2373.80149041234,-861.271562268593,1586.26488835485,0
501.011619190417,2462.55078271214,254.54760165596,1811.20029772833,-762.589907542836,2418.6261870975,-877.180664724944,1798.48688664463,-965.680521568972,1578.81213803379,376.895206761631,2084.8716757199,0
521.945252304223,2565.44287669733,258.861967785722,1841.89860785932,-766.198377136888,2430.07079050648,-893.837623581579,1916.84096958251,-965.680521568972,1578.81213803379,376.895206761631,2084.8716757199,0
569.678032840661,2680.12442601063,312.868930080462,1975.37668119028,-814.259780177986,2506.03392043773,-934.268843979285,2312.39653328957,-999.133239057217,2113.81490037839,0
575.083736801923,2705.55626362971,305.965481038294,2047.26283715917,-886.591018124896,2503.65580034083,-999.133239057217,2113.81490037839,0
575.083736801923,2705.55626362971,305.965481038294,2047.26283715917,-886.591018124896,2503.65580034083,-999.133239057217,2113.81490037839,0
561.818839187662,2761.4278176215,339.30402014064,2414.27355159195,-790.254841097229,2506.36814656634,-1053.76406158639,2895.19296464138,266.413226909649,2095.29532257293,0
544.759681800036,2802.54560874308,358.231561871209,2548.9500089408,-766.890981487738,2508.38737489104,-1102.67294208196,3029.56900941377,266.413226909649,2095.29532257293,0
546.095344767672,2809.41699902721,373.957540710448,2840.48952783597,-754.060740188915,2545.66639607505,-1113.91348926309,3145.5946557746,330.602281571237,2590.63625536717,-1066.3582839525,2925.95890677722,0
569.195452761099,2797.68503169247,388.707000431314,2952.52279717121,-751.938706668773,2622.32190651973,-1090.32774927702,3166.54170968211,330.602281571237,2590.63625536717,-1066.3582839525,2925.95890677722,0
581.755632629382,2859.42028808358,387.422642684964,3155.30421606776,-773.922337122632,2790.67379249217,-1101.72263468302,3199.63485982809,0
615.002781438933,2893.3606029706,398.269014248022,3243.64082356384,-773.868944856537,2888.11822060431,-1080.73965971574,3229.99036963232,0
650.736937937732,3198.47423588239,444.441684509276,3375.86975297782,-803.180693390897,3221.38181123631,-1097.55680650521,3280.25152335824,611.646547409756,2906.55123375243,-804.863106068281,2907.44380104864,0
646.079258344981,3323.78964315379,442.875370202635,3363.97241464134,-831.727477071658,3335.87670693688,-1102.9509856641,3296.37302549675,611.646547409756,2906.55123375243,-804.863106068281,2907.44380104864,0
639.646694477438,3451.22472554948,444.441684509276,3375.86975297782,-898.113074543281,3472.74558603627,-1132.00047304753,3287.56808735882,0
508.75999310812,3404.19260169172,-974.712523856094,3637.67666180463,-1106.12403222815,3305.85626204881,-886.277133555959,3351.6658724577,0
509.499040163768,3409.13768100853,-1028.86774790129,3709.9772448532,-1115.00856260749,3332.40932439458,-886.277133555959,3351.6658724577,0
444.963789278156,3379.83553242332,-1046.23824234638,3772.61322431176,-1098.86443199731,3381.95697194557,0
446.269051200357,3389.74998103706,-1104.73575489044,3400.02704575517,0
450.576415543619,3422.46766146239,-1070.95755439938,3502.9443210926,607.500565076911,3819.01361805961,0
452.273256042479,3435.35644466025,-1105.0938131782,3504.90979399973,607.500565076911,3819.01361805961,0
491.002700187112,3493.66574652026,-1097.8768739901,3482.02058718178,593.113769070138,3805.12045065043,0
496.847970427435,3535.25700540741,-1097.27546239109,3480.11315328028,593.113769070138,3805.12045065043,0
499.353086244716,3553.08183064475,-1090.659934802,3459.13138036382,693.242761754208,3823.08467840281,-1147.52990778513,3745.62089353347,0
496.847970427435,3535.25700540741,-1086.14934780943,3444.8256261026,564.59916348821,3815.76145475163,-1149.70720484553,3736.88823199698,0
495.456239417834,3525.35432471999,-1085.84864200993,3443.87190915185,698.362237665542,3827.85866692325,-1153.09411138392,3723.30409182912,0
486.96668025927,3464.94797252675,-1085.84864200993,3443.87190915185,698.362237665542,3827.85866692325,-1153.09411138392,3723.30409182912,0
483.209006533348,3438.21073467073,-1081.03734921786,3428.61243793988,698.362237665542,3827.85866692325,-1153.09411138392,3723.30409182912,0
505.508186063269,3382.43425269776,-1140.89074323231,3511.30065816171,588.849678759452,3839.59236973783,0
498.856762562436,3337.92853884647,-1053.70762382074,3446.52234049078,-1240.42628891269,3502.85578089853,603.82793819169,3854.31146428812,0
524.055457884774,3308.75594099371,-1054.29236723019,3448.43495000271,-1232.64059654571,3386.65220531241,603.82793819169,3854.31146428812,0
550.598813151221,3290.2487667282,-1057.80082768686,3459.91060707426,-1190.00468151967,3182.81209906606,603.82793819169,3854.31146428812,-1261.14113681172,3424.27706063011,0
551.919193998107,3298.1390515405,-1065.40249200965,3484.7745307293,-1154.63373601246,3088.20820795197,540.348648216967,3791.93053976544,0
579.116672519213,3284.33385629571,495.607951859536,3764.51613863636,-1064.81774860021,3482.86192121738,-1083.54163761679,2898.06375353454,-1192.30274310537,3067.57345805193,0
578.769376163879,3282.36424078969,464.020613342284,3524.5864821839,-1043.47461415545,3413.05167403207,-1042.21716662818,2787.53643520323,0
580.332209762881,3291.2275105668,392.022729278261,3440.73933620802,-1030.31788744292,3370.01796001374,-1010.66952352735,2776.79169442236,501.926108004961,3680.57056368681,0
583.457876960886,3308.95405012102,371.45775869889,3025.28067020275,-955.7116349287,3226.42840783147,-966.037050622533,2728.00447522076,383.741790638484,3372.60200316812,0
609.577832771233,3288.98766580143,330.100571347216,2897.25553115293,-930.434269250051,3141.0934514282,-985.018012777926,2706.31474786342,383.741790638484,3372.60200316812,0
606.115357786882,3270.30582255771,313.912511778405,2755.17475579118,-898.908565987915,3034.66446085783,-980.571750914692,2694.0987437932,0
594.087813104401,3205.41099865849,268.847207524405,2557.9103148872,-966.192678753505,2887.64553010288,310.40381211841,2878.0270756985,0
590.62533812005,3186.72915541478,259.021531977245,2464.42525672258,-944.798784234668,2743.89490638922,0
564.747893500165,3047.1069585407,291.145861394897,2371.19275627112,-841.919247426207,2445.11103649983,264.327746326662,2622.1529602112,576.348397311728,3249.33306864371,-1064.49669076461,2614.41011360912,0
564.747893500165,3047.1069585407,291.145861394897,2371.19275627112,-841.919247426207,2445.11103649983,264.327746326662,2622.1529602112,576.348397311728,3249.33306864371,-1064.49669076461,2614.41011360912,0
500.965459577913,2702.96774089331,306.997604101562,2331.8783139512,-829.758777303809,2106.4653739113,541.493068271141,3025.24716838553,-893.284754582938,2383.10291852274,-1055.75510673328,2609.00065727227,0
421.696632974032,2519.95971192763,-803.343200173947,1892.55797869822,264.648028393671,2356.48043890286,541.493068271141,3025.24716838553,-893.284754582938,2383.10291852274,-1055.75510673328,2609.00065727227,0
459.941824700474,2260.68629356025,301.90708260498,2293.21196435762,-804.276872022221,1849.7101700348,-1052.44764770019,2558.12817969037,0
479.263331996174,1996.27544657643,298.121823030598,2264.46006337778,-950.033434244591,2474.92171064408,-801.187344811853,1758.04517533348,-884.261762981821,1981.05883380833,0
497.191385641942,1855.5435123013,297.208139685058,2257.51994934817,-936.410634280579,2377.21688619407,-805.933025139514,1728.32894987889,0
534.599400268659,1645.32777319062,304.928264203504,2169.67733861278,-799.889617869813,1677.00345832204,-1038.66601561301,2187.45971328769,0
556.122227483463,1570.44072415957,298.247955357421,2122.14447131319,-780.998547696812,1674.85679044373,-1038.66601561301,2187.45971328769,0
590.379991223477,1461.24175479726,299.609676359721,2004.73515503461,-853.048149010608,1674.20125894994,488.02471995218,1723.62136100343,280.184995311214,2265.86872478933,-1038.66601561301,2187.45971328769,0
605.022506569207,1460.65354090034,327.500463079831,1857.34742218102,-914.061132744129,1719.09896329633,0
605.022506569207,1460.65354090034,327.500463079831,1857.34742218102,-914.061132744129,1719.09896329633,0
595.731108974318,1370.08775113138,332.252707265888,1439.14458568779,-783.807610458871,1607.04375478291,-1023.53012416837,1198.39980178565,0
595.731108974318,1370.08775113138,332.252707265888,1439.14458568779,-783.807610458871,1607.04375478291,-1023.53012416837,1198.39980178565,0
572.030372108297,1347.61910545437,308.512301762205,1151.38358493657,-819.697348624165,1541.62649713169,-1052.04441250242,1033.84116484228,-1115.42890717687,1358.63675457916,0
580.819926312243,1304.54291351363,317.813170723689,1072.91928331751,-848.445794058274,1499.62286410445,-1056.32391519734,1038.04662042808,-1115.42890717687,1358.63675457916,0
573.492981182129,1229.85966700873,317.669470217446,977.686098751418,-897.565129704765,1382.12909597406,-1042.05890621426,1024.02843514208,250.137206076108,1182.09888324437,0
585.225480963418,1199.89005180939,324.265881839328,941.736501296919,-952.352847365941,1335.14945010436,-1009.96263600232,992.487518248589,-1164.53335670785,1161.91168319948,250.137206076108,1182.09888324437,-936.020996607842,1571.00971259901,0
575.102664412716,1081.61080125219,326.796915189862,922.846019779243,-962.386347280256,1167.46799466562,-1018.04435265389,949.341717206998,-1018.25831467977,1445.00926720103,579.035041135649,1332.62537440988,0
577.5,1000.25934137103,315.801109823442,917.153018331337,-973.591599021913,1119.98901705059,-1021.5756031562,903.813745766266,0
577.5,1000.25934137103,315.801109823442,917.153018331337,-973.591599021913,1119.98901705059,-1021.5756031562,903.813745766266,0
521.660144207771,759.020219720876,309.615314888756,899.18816539495,-1029.81411608488,911.102566296639,0
456.523426961415,664.245708029345,315.801109823442,917.153018331337,-1041.82044264181,874.191149173694,0
387.238353895684,596.294773809196,319.382359522471,927.55372266293,-951.058620695906,951.058620695906,-959.439129729565,623.067056057191,0
387.238353895684,596.294773809196,319.382359522471,927.55372266293,-951.058620695906,951.058620695906,-959.439129729565,623.067056057191,0
318.035110881597,573.750527883444,306.853875414323,944.399120681087,-993.485027567099,993.485027567099,-952.729765186002,618.709943777071,0
316.580682020858,571.126668762025,324.285358846004,969.186775620736,-977.928678380995,977.928678380995,-935.956353827093,607.81716307677,0
282.820791491555,620.593586737803,-967.826533425418,1019.87636564328,-965.188666048832,591.468375258454,284.656918541348,990.546053021197,0
298.289604149832,573.008998233131,311.5931725898,931.253829412488,-961.364865437085,1049.14565028081,-960.072825062708,588.333383870159,0
268.039447786952,602.026456586474,-995.666342261981,1105.79950031036,-924.026350156877,555.211044753039,-1058.06713443358,738.082279840382,284.656918541348,990.546053021197,0
267.477141513274,586.92501971537,-1025.725533534,1099.95596723523,-909.76943187528,602.163250975456,-1058.06713443358,738.082279840382,284.656918541348,990.546053021197,0
278.505434487121,597.256831657152,-1019.58754829344,1093.37378392066,-899.626897744941,653.61720054923,325.666747423521,977.615703642513,0
302.907090282182,581.879106564913,362.541351925209,996.074178033063,-891.262012619589,860.681720998697,-1117.12181317116,1223.14454018034,0
302.907090282182,581.879106564913,362.541351925209,996.074178033063,-891.262012619589,860.681720998697,-1117.12181317116,1223.14454018034,0
273.434015346233,586.381138212712,-892.189202244917,1063.26968704914,-1146.06702314607,1161.97703604848,352.147606421451,988.710127464185,0
272.038767182493,596.934593695012,-837.111776495708,1241.0692461149,-1026.01041316794,1062.46488510019,-1126.22459320985,1263.96272045572,395.364001530831,1014.8989487911,0
272.038767182493,596.934593695012,-837.111776495708,1241.0692461149,-1026.01041316794,1062.46488510019,-1126.22459320985,1263.96272045572,395.364001530831,1014.8989487911,0
253.199936650595,677.213992826591,-825.019756440037,1654.73363460214,-1009.12780796704,1063.39882790401,390.091807580429,996.810870784231,2555.08594970398,1350.9710467536,0
271.71878341629,767.310173749033,-835.191527808093,1751.01545163873,-1007.31157781231,1080.20941729151,390.091807580429,996.810870784231,2555.08594970398,1350.9710467536,0
434.87419133118,932.590712860713,247.002255407261,990.671936527792,-869.611729850133,1908.18878502811,-992.604832227175,1121.93566974193,199.682350314012,733.489725149789,2555.08594970398,1350.9710467536,0
429.802772190291,921.715019416273,261.517569143241,1048.88968010435,-868.382732966833,1950.41955206695,-982.179467601032,1170.5159090858,0
429.802772190291,921.715019416273,261.517569143241,1048.88968010435,-868.382732966833,1950.41955206695,-982.179467601032,1170.5159090858,0
450.659791240907,903.883705218045,289.648054981595,1490.11006447355,-922.692464910131,2024.66382770031,-991.449017853634,1469.88361614009,0
430.648008713773,923.527634990346,346.588788593205,1630.57205042325,-903.362084271352,2028.98446142422,-994.26765304002,1687.93152530495,0
442.122731023395,993.023912457507,365.566507941456,1648.96395602557,-899.97664856428,2069.80458788723,-996.768579226469,1798.2181178786,0
442.122731023395,993.023912457507,365.566507941456,1648.96395602557,-899.97664856428,2069.80458788723,-996.768579226469,1798.2181178786,0
487.838882094438,1304.78435962302,387.365715580135,1677.86525156018,-931.833649286658,2092.9326434592,443.00704909188,1080.67489242793,-1090.89993842618,1884.70187013145,0
494.863594774878,1437.18823491096,387.365715580135,1677.86525156018,-910.344124356337,2093.64814982124,-1085.27101483541,2371.21838798409,0
441.920707156089,1708.78058526736,-910.742873425262,2094.56520989562,-1090.05148683836,2484.63463904557,0
423.605239195019,1698.98781670927,-893.992821983458,2106.11510469918,-1090.05148683836,2484.63463904557,0
377.254247094113,1701.68394041004,-878.452461560314,2174.24613895912,498.372618372105,2053.19491820943,-1093.2498757606,2786.83868550666,0
395.014051427827,1710.99383376287,-863.666758404174,2249.92882785826,498.372618372105,2053.19491820943,-1093.2498757606,2786.83868550666,0
405.811702036332,1757.76359687256,-892.599541591104,2520.62334718048,583.936681413377,2456.45124050413,-1102.89012322134,2969.58566854925,0
428.605688039442,1785.27117385013,-865.924407329496,2587.97525505772,583.936681413377,2456.45124050413,-919.08228480811,2332.08394990275,-1102.89012322134,2969.58566854925,0
428.605688039442,1785.27117385013,-865.924407329496,2587.97525505772,583.936681413377,2456.45124050413,-919.08228480811,2332.08394990275,-1102.89012322134,2969.58566854925,0
456.687585409397,2059.98457502306,-1019.09195451998,3232.14674608574,698.853832955012,2644.35508479209,-893.147495011677,2713.12652737281,0
445.587333422436,2190.13171482755,-880.661351835312,3071.23111852293,-1093.58343082159,3175.99689543811,417.387769594646,1904.76862783342,698.853832955012,2644.35508479209,-893.147495011677,2713.12652737281,0
675.204010618673,2708.09537203631,454.130929526431,2450.27122964938,-889.302238972262,3318.92113912924,-1101.39706652856,3198.68934125249,421.318067321166,2212.54325981596,-899.268791087064,3078.3418469244,0
680.768214217465,2730.41217374065,433.084917778419,2588.01341843369,-922.689895790487,3443.52557072053,-1104.00161176422,3206.25348985728,421.318067321166,2212.54325981596,-899.268791087064,3078.3418469244,0
702.783106717035,2818.70908483177,433.820621665408,2902.76155896723,-954.698955459585,3691.54695276172,-1130.37263227525,3282.84049448083,460.682992952044,2677.30516895866,0
702.783106717035,2818.70908483177,433.820621665408,2902.76155896723,-954.698955459585,3691.54695276172,-1130.37263227525,3282.84049448083,460.682992952044,2677.30516895866,0
702.783106717035,2818.70908483177,433.820621665408,2902.76155896723,-954.698955459585,3691.54695276172,-1130.37263227525,3282.84049448083,460.682992952044,2677.30516895866,0
696.719117266753,3142.69684691907,418.205919873046,3176.58933584169,-897.830869389811,3739.73471384946,-1081.25046331794,3327.74675051674,721.617452576282,2886.96265077762,0
696.719117266753,3142.69684691907,418.205919873046,3176.58933584169,-897.830869389811,3739.73471384946,-1081.25046331794,3327.74675051674,721.617452576282,2886.96265077762,0
481.563061460272,3222.21368283312,-956.713386360159,3449.79702248687,-1096.58186721278,3304.36928747398,0
423.035388985188,3213.27279571252,-971.411497044464,3502.79669741334,556.353944829691,3520.02671013907,0
424.471177099608,3224.17868918763,-1026.74915041832,3580.69981737024,556.353944829691,3520.02671013907,0
395.831627379919,3223.78990053101,-1044.38994119061,3642.22056591029,556.353944829691,3520.02671013907,-1086.37835380573,3436.97956780299,0
394.247325915652,3210.88680055968,-952.930346767091,3821.99486580115,-1107.79638919445,3623.43872034394,499.024610520912,3677.81714538404,0
396.440974096945,3228.75263128922,-1037.41937593579,3740.81341935587,499.024610520912,3677.81714538404,0
397.659667530996,3238.67809280563,-1042.46047969989,3635.49173403872,460.035906007487,3676.60865211552,0
403.631265357848,3287.31285423606,-1060.22928177974,3579.27407026296,460.035906007487,3676.60865211552,0
376.287482564522,3302.63284826898,-1064.77352729501,3594.61518602086,460.035906007487,3676.60865211552,0
355.814888963092,3385.3525318336,-1068.46572677616,3607.07984257414,-1280.00698393814,3825.53762510181,439.894391598005,3657.15821774266,0
372.325370082645,3267.8578333203,-1039.4284687859,3624.9178553834,-1289.16209036082,3640.48143859799,439.894391598005,3657.15821774266,0
373.68380864786,3279.78069558842,-1072.44194160201,3620.5033188623,-1289.7579604811,3543.58087298366,444.773088030307,3698.00869834926,-1220.72307498357,3770.72805002098,0
373.68380864786,3279.78069558842,-1072.44194160201,3620.5033188623,-1289.7579604811,3543.58087298366,444.773088030307,3698.00869834926,-1220.72307498357,3770.72805002098,0
416.117500797525,3160.72621805971,-1077.55421780668,3637.76207408992,-1208.41672586675,3148.03319814856,486.651478620017,3702.3110118225,-1258.39767287623,3366.1000762382,0
416.117500797525,3160.72621805971,-1077.55421780668,3637.76207408992,-1208.41672586675,3148.03319814856,486.651478620017,3702.3110118225,-1258.39767287623,3366.1000762382,0
419.380655603026,3185.51233959405,-1092.88543225359,3574.66717778983,-1132.80108851269,2951.04772815765,452.842508004101,3669.66206841093,0
419.380655603026,3185.51233959405,-1092.88543225359,3574.66717778983,-1132.80108851269,2951.04772815765,452.842508004101,3669.66206841093,0
394.73960640869,3464.58506074426,-1052.39598101308,2891.43419415824,433.152389307363,3145.29507898794,-1087.30886917708,3489.77610992476,0
394.73960640869,3464.58506074426,-1052.39598101308,2891.43419415824,433.152389307363,3145.29507898794,-1087.30886917708,3489.77610992476,0
443.544672759729,3155.98433507938,286.5680821543,3275.48816732566,-1038.21192347044,3395.83818842474,-1039.74123571003,2856.66556718916,0
315.885015994849,3005.44516780292,-981.199441049504,3209.35876101195,-1055.52504711604,2823.12997839467,404.139224945075,3209.21627400591,0
469.886117981033,3144.08142962753,286.303460890103,2723.9954714137,-1018.44472752224,2875.99918932224,-1049.62671373296,3296.00994064712,0
494.958647387291,3125.04590964302,271.564947569364,2583.76788416677,-1035.63699399012,2845.38925573973,340.364564316636,2972.75310575821,0
268.291616629939,2354.76529795351,-964.821335369833,2580.53188137934,268.726403209435,2712.53635107166,456.239120166981,3133.76455578551,0
276.399670842875,2251.09467192252,-917.193131518545,2453.14446364155,442.422946752778,3096.13654658556,-1117.05178032296,2714.84808999358,0
298.943820862221,2127.09581165689,-1025.03436954703,2816.25878449537,-928.007323485343,2240.40786633987,467.672847548973,3086.05465342611,0
313.060332772516,2094.73559860054,-1037.6644706718,2775.359696743,-929.484079664748,2137.66703339172,467.672847548973,3086.05465342611,-970.333928360945,2412.13157696502,0
324.445080493439,2048.46561839432,-1072.38258939529,2722.4018039154,-914.123300145133,1960.34374336027,467.672847548973,3086.05465342611,-970.333928360945,2412.13157696502,0
320.847087797514,2025.74878656063,-1082.23844837857,2678.63415584345,-922.585280460177,1934.24026436175,0
488.384561730917,2297.66871412371,321.629260122715,2030.6872282636,-1056.97164019238,2551.75526879617,-945.046968166575,1895.47097787309,0
373.218356207918,2013.70605069098,-1034.75383386101,2379.7708930294,-937.944372461903,1840.81947897317,0
403.562191492894,1748.01989622471,315.371881521106,1991.1796946398,-923.416676470238,1812.30727019914,-1127.87918369642,2528.88334635266,0
386.118631817668,1608.29984833776,292.810443447759,1959.24042531996,-950.210443078642,1787.08592794647,561.064844810368,1964.94980117628,-1147.20191448183,2133.57922043199,0
336.861660044072,1403.12979513385,270.134988963488,1922.11032142739,-1028.5,1781.41425558459,561.064844810368,1964.94980117628,-1147.20191448183,2133.57922043199,0
324.659183894754,1302.13686466239,255.309231982421,1939.26614884717,-920.264986177422,1767.8125905242,-1086.93356865875,1581.49815596565,0
279.667545899375,1164.89916463642,211.690009745985,1857.97937011522,-927.67580806492,1744.70444348924,-1074.46026283653,1350.78167872727,314.016400213388,1400.42043114835,-1174.60697751213,1703.66906010296,0
269.162504525859,1121.14251821852,171.372205506161,1779.76840268052,-926.267393376562,1742.05560071066,-1080.68155242143,1265.31552675845,314.016400213388,1400.42043114835,-1174.60697751213,1703.66906010296,0
264.178709994837,1059.56293309339,113.563539255436,1624.03427382299,-916.290182265577,1653.03124649346,-1085.00754113617,1104.11169529067,-1188.46372458766,1337.53699342156,0
277.660672745309,1001.21204088376,61.3724780230281,1405.66084776567,-920.167052047757,1562.13366788049,-1098.94217208362,1042.85718217604,-1188.46372458766,1337.53699342156,0
285.009025914777,993.944593600222,67.3563756846689,1285.23621122914,-951.205079298603,1522.24633260078,-1115.50061059372,1022.16798412249,0
304.915680697333,967.068988058702,131.375152190749,1069.96475146935,-967.049871687863,1381.09034667124,-1148.14911996954,1015.79653391473,-1045.93262164011,1671.05374435538,0
304.915680697333,967.068988058702,131.375152190749,1069.96475146935,-967.049871687863,1381.09034667124,-1148.14911996954,1015.79653391473,-1045.93262164011,1671.05374435538,0
281.482577957025,773.367026906802,-922.949497623035,1119.62727049558,-1105.64953502636,961.126477471093,-1243.56872588028,1133.71884042066,226.480184545706,1008.88910679096,-1075.71130748587,1519.68844979981,0
353.42621315958,637.597766504619,311.230502486923,987.097044024415,-902.737223890938,1038.48038238653,-1109.42308292747,964.406772616046,-1243.56872588028,1133.71884042066,-1075.71130748587,1519.68844979981,0
424.915477448087,553.760631523282,317.978487211821,978.637155267713,-887.725532806978,968.782420568503,-1106.40424460658,961.782536500084,-1019.12401115867,1212.90564424435,0
562.6396780752,439.58229338252,349.544586478834,960.365858443198,-894.445577080245,834.083994356436,-1208.50071691229,1057.94526897438,-980.246450797231,1063.29260991082,431.146980094324,603.034544565397,0
619.049321226658,394.377912526569,351.958418165765,941.35555019464,-866.654136418717,808.168056674061,-1208.50071691229,1057.94526897438,-980.246450797231,1063.29260991082,431.146980094324,603.034544565397,0
713.642472761539,348.066690550527,374.711152221214,882.76415446089,-901.081069236037,769.595937271268,-1167.79470272923,1031.0572278301,0
754.357893556654,343.780698162022,408.56190880742,837.676051150824,-917.049594513637,783.234346286202,-1167.79470272923,1031.0572278301,256.045410018901,999.567227006325,0
787.941879963638,302.462549416233,520.233827770399,742.970904170116,-940.346613362934,761.477673170304,-1143.14319351603,922.854622854938,0
813.153321432356,264.20953019058,683.456091222985,626.272122459717,-952.024008349482,730.513714810465,-1143.14319351603,922.854622854938,0
809.033823544728,247.346462195435,754.812855751826,548.403640388877,-1035.36763647498,766.131749335728,555.836515735925,774.054980933651,0
901.165265484123,319.119357427485,-918.233254231387,756.933082130539,-1072.13944988514,619,734.386757291915,634.524430744965,0
837.049628539933,247.945395926524,-931.020861825451,753.925828477706,-1069.52042610961,580.702211235944,734.386757291915,634.524430744965,0
1139.47651245697,89.6787464169268,846.161037690466,218.832123543582,-917.032234519225,742.598061438808,-1019.23244850326,497.112880458814,-1164.19138015936,659.998701212415,0
1233.95301306119,-10.7685448049934,851.001775892357,220.084023563854,-913.923650673398,740.080779874609,-1016.4267395691,463.212352047019,-1164.19138015936,659.998701212415,0
1378.1083573096,-181.431407185872,872.295857922121,217.487784144101,-918.781976144734,730.832183412565,-950.881513616371,403.62525572942,-1092.89554988169,550.835534654192,0
1715.73679439606,-540.969733308187,1533.73543795061,-326.005531202247,913.589859085375,194.189519223787,-933.792743023966,729.558848260905,-845.02345546934,358.691175953154,-1092.89554988169,550.835534654192,0
1746.81217288982,-584.47517709818,1585.30009540558,-365.995365417468,915.249674115855,186.209650745662,-922.760592473471,720.939587606346,-800.593444938213,348.10793717174,-1092.89554988169,550.835534654192,0
1646.81913628316,-425.896386896605,965.279482641231,144.2619852625,-920.289874737833,706.163257650116,-731.390384138576,341.052937224744,-930.164241110015,410.011943938657,0
1659.46056956462,-444.651119486131,1007.45068000806,105.887333290133,-916.456506444618,716.014295803741,-724.001898536038,360.974030805835,-930.164241110015,410.011943938657,0
1694.70436993926,-485.94865830537,-921.184570966258,719.708264655695,-666.46021684022,369.424930627709,0
1765.33007583497,-556.60643488241,1129.69119990428,-128.71205405411,-621.778179416281,419.39467760306,-821.638893172404,337.427326128011,-1029.91203604552,807.208221814949,0
1773.72040289046,-576.316694509277,1192.41929225851,-199.542555485559,-610.956165186179,460.388492711317,-1026.76543409027,803.322492007664,0
1777.15852985642,-594.628926103143,1313.7804133777,-327.56224664195,-577.908533856024,493.58051673094,-1026.76543409027,803.322492007664,1130.30198171109,-112.155269303767,0
1353.45646788115,-388.097396990335,-571.875141269228,552.253404514903,-910.444481453914,686.069126393335,0
1556.13098002146,-566.385357347307,-558.255560887634,588.278614890965,-904.636345140517,706.779373673856,1309.86057472544,-331.638159828571,0
1591.09922905819,-691.829634585302,1798.96997392616,-601.92693320046,-574.087716128591,604.962225424248,-889.042866184342,707.176627220336,1309.86057472544,-331.638159828571,0
1695.58541553046,-863.943921004357,1809.72255369709,-623.137447630998,-582.347971036916,613.666717876396,-894.521123282309,711.534229676799,1456.24913697572,-505.426753829835,0
1754.41686701069,-932.839995255565,1803.1039236679,-620.858470549798,-576.288614252811,617.993877868199,-882.837812215119,714.907964232616,1456.24913697572,-505.426753829835,0
1764.90747214565,-1060.4633962398,1804.9949608191,-621.509606858712,-627.264305895304,605.742099040246,-937.953767402133,828.046428048754,0
1777.50880954387,-1110.7107778328,1814.45014657509,-624.765288403284,-630.861004896997,609.215390892541,-955.331553313356,805.174154007982,0
1827.46316755308,-1186.76845729774,1824.95392675446,-646.25007947658,-560.062317522364,622.012218924579,-858.046536727144,707.318980948874,0
1843.72155259051,-1220.33267452496,1811.75694587917,-641.576783447308,-601.270128636975,590.866509804774,-905.71807460073,835.71807460073,0
1814.54645073759,-660.440896761866,-605.5496313319,595.071965390574,-905.71807460073,835.71807460073,0
1829.32078560212,-683.95501559974,-619.101389865829,608.389241412271,-875.453493354083,819.374349869768,0
1818.03592783688,-716.143397019277,-619.101389865829,608.389241412271,-875.453493354083,819.374349869768,0
1859.93081226098,-751.46082639232,-555.938220453004,628.373849741973,-828.842502504034,707.8983726799,0
1829.28147437235,-757.713196082878,-560.576560790514,633.616539787496,-828.671119084604,720.352813831577,0
1800.50749335297,-764.270087325019,-562.564420935161,635.863406949863,-819.357558543168,724.906332748017,0
1828.61778832394,-795.105643436941,-577.955764221885,598.490713881758,-886.568200226468,843.791817383726,0
1836.30184462886,-836.85096368029,-574.924617532686,616.531170464961,-874.779574517293,859.119805571189,0
1853.00758877026,-883.83928174743,-560.064282113382,611.202912215593,-874.779574517293,859.119805571189,0
1911.50834549907,-995.068261521498,-557.926080597651,630.62071690434,-902.172409665319,897.252330965479,0
1930.76119651834,-1048.31779629036,-559.251320694083,632.118628345918,-902.172409665319,897.252330965479,0
1999.77131253803,-1201.58382876516,-556.60084050122,629.122805462762,-903.403841950768,934.915259168768,0
2018.68005704464,-1310.94615728117,-553.287740260141,625.378026858817,-903.403841950768,934.915259168768,0
-551.962500163709,623.880115417239,-897.41401681283,976.274366212814,0
-553.287740260141,625.378026858817,-897.41401681283,976.274366212814,0
-559.251320694083,632.118628345918,-897.41401681283,976.274366212814,0
-553.057761438998,636.220176127797,-862.995873221619,994.343231315455,0
-557.226425467298,652.428318484827,-862.995873221619,994.343231315455,0
-554.082919549797,660.330309968559,-877.750853104017,1016.36685882216,0
-555.36849476917,661.862398854797,-877.750853104017,1016.36685882216,0
-564.367521304782,672.587021058463,-894.580193111677,1007.32618528137,0
-569.509822182274,678.715376603414,-894.580193111677,1007.32618528137,0
-570.795397401647,680.247465489652,-910.11536831441,1029.85031768143,0
-571.438185011334,681.013509932771,-910.11536831441,1029.85031768143,0
-589.698827883807,690.448616764828,-910.11536831441,1029.85031768143,0
-603.986684947071,707.177548008029,-882.145908862522,1051.33655099408,0
-614.504954860332,732.338487621743,-882.145908862522,1051.33655099408,0
-611.271169686931,741.531224635599,-906.480493216046,1016.4576067165,0
-619.88058518409,765.488772035116,-896.538564643606,1019.61946228784,0
-607.042214671099,776.978603056228,-893.024133455744,1027.66849177044,0
-583.082970274133,802.544858419948,-893.024133455744,1027.66849177044,0
-588.279736097076,795.014435150428,-886.237369602589,1043.81461818183,0
-581.283658666651,814.929633874676,-886.237369602589,1043.81461818183,0
-580.566392847953,844.729343337566,-886.237369602589,1043.81461818183,0
-482,834.848489248199,-785.391848030197,969.8781598983,0
-473.219041259432,836.411823798244,-792.314372331745,978.426765474327,0
-473.219041259432,836.411823798244,-792.314372331745,978.426765474327,0
-459.143188404601,863.522745816031,-767.560546974185,964.955857399027,0
-445.587411771808,855.965454016984,-766.938032337547,964.173249242174,0
-442.355171479162,849.756378184736,-773.163178703923,971.999330810698,0
-452.051892357098,868.383605681479,-758.494937601211,970.829248443482,0
-431.744965252309,847.347204503138,-754.255410541805,982.96478862084,0
-439.462803747881,862.49431541434,-731.205253129739,970.342144707461,0
-414.963966192122,832.288956289883,-729.252736557144,985.528511116709,0
-427.205060254913,838.437139261254,-717.168150303011,1005.43266517005,0
-498,862.561302169301,-825.644465391547,1065.71549674467,0
-486.022053822122,859.041071892681,-825.644465391547,1065.71549674467,0
-466.871664297223,842.258777975238,-727.372055837117,1060,0
-459.026727369743,845.422062380811,-727.372055837117,1060,0
-443.650626832667,834.385475251686,-727.372055837117,1060,0
-424.935107756216,833.982106640312,-656.17806374881,1054.11004429756,0
-392.195609192357,822.255194042723,-656.17806374881,1054.11004429756,0
-370.94381848513,833.153457370052,-504.710646038856,998.18308746358,0
-275.494884362805,930.055142822147,-415.855297761425,816.161976156545,-504.710646038856,998.18308746358,0
-186.288874972712,876.42025025749,-406.040009929926,814.390269057843,0
-144.746750339814,864.972472548152,-406.486207743036,815.285203419445,-301.459904417315,996.234405598618,0
-71.2062418248368,813.891068340956,-397.164258990904,814.307405947045,0
-41.6594211693831,794.909109664641,-385.307431643424,807.813829493125,0
-13.543067395332,775.88181144136,-382.724365062575,802.398317787026,-171.284212886691,922.438603675956,0
32.2347272629835,738.296635748993,-371.904070331815,797.550852592252,0
50.015391674538,715.253424036294,-363.685973809521,798.036034558728,0
55.156744296675,700.832885614389,-352.489256257803,773.467080245062,0
61.8805773508373,707.298235645139,-335.746716035057,772.164582632275,0
83.6023695759312,680.886660025947,-303.056734073473,750.091738344531,0
103.614397201857,693.300120216704,-256.029861032302,723.006023667701,-409.096988348749,861.380914632962,0
109.191256598081,689.406461735406,-238.295796960224,712.191065059856,-409.096988348749,861.380914632962,0
113.222657620425,676.591922654541,-183.76152202279,685.807336665238,0
119.469946234848,677.547734072399,-65.5393464688186,623.565228395907,0
25.2120058971643,577.449872074314,-92.8562945324904,748.251278971147,0
55.7822279667704,579.320587449698,-92.8562945324904,748.251278971147,0
127.734760876625,512.316143473726,0
149.109569408596,487.715425541148,73.5339194178291,677.629476307221,0
265.426006523331,416.635374231566,128.032835897662,658.671840093383,0
299.21147700827,382.973226252867,137.165138879032,674.188196779131,0
299.21147700827,382.973226252867,137.165138879032,674.188196779131,0
410.498652164309,309.332921900153,145.663860180343,657.047212791715,0
410.498652164309,309.332921900153,145.663860180343,657.047212791715,0
430.054823251721,301.127629084299,149.59245113867,647.956093082181,0
451.214423509894,287.455290465551,176.37732821165,635.996099117691,0
485.156692197396,291.511550399091,184.60997405755,623.232827664325,0
503.562205555306,273.411969628756,227.284590437394,607.90025082221,0
496.726066579804,258.579223411619,253.336432225689,611.608250522472,0
519.061929729175,258.794731603689,291.886523636024,611.952822789205,0
520.401752807218,253.816893990876,306.813082846928,565.079403441644,0
525.304635491619,250.557458342428,367.08891926467,524.257308344955,205.626699895467,669.861207777633,0
518.408054184964,241.73764571568,400.276911357989,503.217044856102,205.626699895467,669.861207777633,0
519.314361972,242.160263977421,469.31721804495,445.365410473859,0
508.287726428901,287.575359100425,331.892731617335,584.889451588103,0
519.956864090777,259.240929416799,331.892731617335,584.889451588103,0
547.484864407919,238.053194148372,0
568.550479736796,218.246081273088,777.243150926394,303.460640766866,0
590.12696585355,214.78865000852,777.243150926394,303.460640766866,0
590.12696585355,214.78865000852,777.243150926394,303.460640766866,0
1026.59846616967,153.426168752536,557.237496594639,225.138562642963,0
1043.74254445362,146.688448411909,570.345969172981,224.665251981994,0
1040.02565958113,136.921975638834,593.850167983484,222.031479718502,0
1055.88877736311,139.010394714355,599.519988334626,212.301162472678,0
1050.20545145015,119.655796952677,636.898967471382,194.719555345343,0
694.766615576168,141.351865501793,1106.58260306277,128.347747847729,0
691.065537147155,134.329532745088,1106.58260306277,128.347747847729,0
691.065537147155,134.329532745088,1106.58260306277,128.347747847729,0
724.818506216985,127.805058762861,1116.39605249037,91.680824853926,0
