-974.478975779886,3768.0306163516,-1186.08480099325,3837.90748824769,0
-978.485055844757,3783.52097859764,-1201.59519942834,3860.71762928849,0
-978.485055844757,3783.52097859764,-1201.59519942834,3860.71762928849,0
-974.478975779886,3768.0306163516,-1201.59519942834,3860.71762928849,0
-974.478975779886,3768.0306163516,-1201.59519942834,3860.71762928849,0
-970.973655723124,3754.4765493863,-1196.81323053953,3883.21502410536,0
-970.973655723124,3754.4765493863,-1196.81323053953,3883.21502410536,0
-971.474415731233,3756.41284466706,-1197.02114223034,3882.23687650463,0
-973.227075759614,3763.1898781497,-1195.98158377626,3887.1276145083,0
-973.227075759614,3763.1898781497,-1195.98158377626,3887.1276145083,0
-971.975175739341,3758.34913994781,-1195.98158377626,3887.1276145083,0
-970.472895715015,3752.54025410555,0
-973.477455763668,3764.15802579008,0
-973.477455763668,3764.15802579008,0
-976.231635808267,3774.80764983424,0
-976.231635808267,3774.80764983424,0
-947.124221272699,3798.70776837053,0
-947.124221272699,3798.70776837053,0
-956.075331409887,3834.60871024274,0
-956.075331409887,3834.60871024274,0
-966.719894816272,3877.30172219888,0
-970.832567041467,3893.79674954557,0
-972.042176519465,3898.64822817695,-1195.3578487038,3890.0620573105,0
-973.977551684262,3906.41059398716,-1195.3578487038,3890.0620573105,0
-972.526020310665,3900.58881962951,-1195.14993701298,3891.04020491123,0
-978.090223909457,3922.90562133385,-1195.14993701298,3891.04020491123,0
-978.090223909457,3922.90562133385,-1195.14993701298,3891.04020491123,0
-979.057911491856,3926.78680423896,-1195.56576039462,3889.08390970977,0
-975.91292684906,3914.17295979737,-1195.56576039462,3889.08390970977,0
-1194.73411363135,3892.9965001127,0
-1194.73411363135,3892.9965001127,0
-1195.77367208544,3888.10576210903,0
-1195.77367208544,3888.10576210903,0
-976.880614431459,3918.05414270247,0
-976.880614431459,3918.05414270247,0
-1196.60531884871,3884.1931717061,0
-977.364458222658,3919.99473415503,-1196.60531884871,3884.1931717061,0
-975.67100495346,3913.20266407109,-1196.60531884871,3884.1931717061,0
-975.67100495346,3913.20266407109,-1196.60531884871,3884.1931717061,0
-978.090223909457,3922.90562133385,-1195.14993701298,3891.04020491123,0
-978.090223909457,3922.90562133385,-1195.14993701298,3891.04020491123,0
-979.541755283055,3928.72739569151,-1204.8637951624,3940.93189932367,0
-975.91292684906,3914.17295979737,-1193.07082010481,3900.82168091857,0
-974.461395475462,3908.35118543971,-1193.27873179562,3899.84353331784,0
-974.461395475462,3908.35118543971,-1193.27873179562,3899.84353331784,0
-974.461395475462,3908.35118543971,-1195.56576039462,3889.08390970977,0
-977.848302013857,3921.93532560758,-1195.56576039462,3889.08390970977,0
-977.848302013857,3921.93532560758,-1195.56576039462,3889.08390970977,0
-973.735629788663,3905.44029826089,-1192.86290841399,3901.79982851931,0
-973.251785997463,3903.49970680833,-1195.80027231599,3911.28645188882,0
-1191.8233499599,3906.69056652298,0
-1191.8233499599,3906.69056652298,0
-975.429083057861,3912.23236834482,-1199.30873277267,3922.76210896037,0
-976.154848744659,3915.14325552365,-1204.57142345768,3939.97559456771,0
-976.154848744659,3915.14325552365,-1204.57142345768,3939.97559456771,0
-977.364458222658,3919.99473415503,-1198.4316176585,3919.89319469248,0
-977.364458222658,3919.99473415503,-1198.4316176585,3919.89319469248,0
-1196.60531884871,3884.1931717061,0
-975.187161162261,3911.26207261854,-1198.13924595377,3918.93688993652,0
-975.67100495346,3913.20266407109,-1195.56576039462,3889.08390970977,0
-1195.56576039462,3889.08390970977,0
-1199.30873277267,3922.76210896037,0
-1199.30873277267,3922.76210896037,0
-1199.30873277267,3922.76210896037,0
-975.91292684906,3914.17295979737,-1195.77367208544,3888.10576210903,0
-974.461395475462,3908.35118543971,-1195.77367208544,3888.10576210903,0
-975.187161162261,3911.26207261854,-1196.18949546707,3886.14946690757,0
-974.945239266661,3910.29177689227,-1199.01636106794,3921.80580420441,0
-977.122536327058,3919.02443842875,-1197.85278899362,3878.3242861017,0
-977.364458222658,3919.99473415503,-1200.47821959156,3926.58732798422,0
-977.364458222658,3919.99473415503,-1200.47821959156,3926.58732798422,0
-976.396770640259,3916.11355124992,-1195.98158377626,3887.1276145083,0
-976.396770640259,3916.11355124992,-1195.98158377626,3887.1276145083,0
-978.090223909457,3922.90562133385,0
-1194.52620194053,3893.97464771344,0
-1205.15616686712,3941.88820407963,0
-978.332145805056,3923.87591706013,-1193.27873179562,3899.84353331784,0
-975.187161162261,3911.26207261854,-1198.72398936322,3920.84949944845,0
-1199.60110447739,3923.71841371633,0
-1199.60110447739,3923.71841371633,0
-1201.35533470573,3929.45624225211,0
-973.009864101864,3902.52941108206,-1195.3578487038,3890.0620573105,0
-973.977551684262,3906.41059398716,-1198.72398936322,3920.84949944845,0
-1199.30873277267,3922.76210896037,0
-1198.72398936322,3920.84949944845,0
-977.364458222658,3919.99473415503,-1194.94202532217,3892.01835251197,0
1999.87763817604,-1423.45703250466,-1195.77367208544,3888.10576210903,0
-975.429083057861,3912.23236834482,1999.87763817604,-1423.45703250466,-1195.77367208544,3888.10576210903,0
-976.396770640259,3916.11355124992,-1199.89347618211,3924.6747184723,2002.96413650959,-1426.00134538577,0
1861.84866083884,-1209.09865773336,-1204.57142345768,3939.97559456771,2002.96413650959,-1426.00134538577,0
1861.84866083884,-1209.09865773336,-1204.57142345768,3939.97559456771,2002.96413650959,-1426.00134538577,0
1780.31266317134,-1090.9770031269,-975.187161162261,3911.26207261854,-1197.02114223034,3882.23687650463,0
1780.31266317134,-1090.9770031269,-975.187161162261,3911.26207261854,-1197.02114223034,3882.23687650463,0
2032.17974837769,-1345.07043320549,1738.54123302931,-905.027281940667,-1194.73411363135,3892.9965001127,0
2018.00368940255,-1335.68750445518,1736.17266150793,-865.623757433029,-977.606380118258,3920.9650298813,-1206.03328198129,3944.75711834752,0
2018.00368940255,-1335.68750445518,0
1997.713292846,-1297.33018140579,1708.90726670615,-778.793909708417,-1199.01636106794,3921.80580420441,0
1997.713292846,-1297.33018140579,1708.90726670615,-778.793909708417,-1199.01636106794,3921.80580420441,0
2004.55702639647,-1228.3941256472,1677.96858349635,-764.694339458105,-1199.60110447739,3923.71841371633,0
1984.33195649683,-1168.8608498985,1675.46875590162,-728.514548926425,-977.122536327058,3919.02443842875,-1194.31829024971,3894.95279531417,0
1984.33195649683,-1168.8608498985,1675.46875590162,-728.514548926425,-977.122536327058,3919.02443842875,-1194.31829024971,3894.95279531417,0
1945.15422867802,-1078.21659542785,1644.28871337253,-714.957080582966,-976.638692535859,3917.0838469762,-1192.86290841399,3901.79982851931,0
1934.27646496899,-1050.2264313314,1651.62519396761,-718.147073134368,-1192.86290841399,3901.79982851931,0
1656.730634703,-772.546182461999,-1200.77059129628,3927.54363274019,1965.77110336589,-1137.2855806891,0
1650.70813389322,-717.748324065443,1965.77110336589,-1137.2855806891,-1194.31829024971,3894.95279531417,0
1650.70813389322,-717.748324065443,1965.77110336589,-1137.2855806891,-1194.31829024971,3894.95279531417,0
1723.95920766606,-714.087284793257,-979.541755283055,3928.72739569151,-1195.98158377626,3887.1276145083,0
1723.95920766606,-714.087284793257,-979.541755283055,3928.72739569151,-1195.98158377626,3887.1276145083,0
1672.55731872308,-709.95846046501,1597.61693864949,-458.109285367853,-977.364458222658,3919.99473415503,0
1672.55731872308,-709.95846046501,1597.61693864949,-458.109285367853,-977.364458222658,3919.99473415503,0
1655.59212226023,-685.768710798241,1495.65804944534,-345.299868417833,-974.945239266661,3910.29177689227,-1195.56576039462,3889.08390970977,0
1668.93093822022,-674.291868148642,1402.36624028938,-247.275004997709,-976.396770640259,3916.11355124992,-1202.52482152462,3933.28146127597,0
1634.62513560125,-660.431424192253,1362.86385971272,-203.681368536603,-975.429083057861,3912.23236834482,-1199.30873277267,3922.76210896037,0
1633.81324937644,-643.576154127866,1293.87298587412,-135.991530711217,-976.638692535859,3917.0838469762,-1199.01636106794,3921.80580420441,0
1633.81324937644,-643.576154127866,1293.87298587412,-135.991530711217,-976.638692535859,3917.0838469762,-1199.01636106794,3921.80580420441,0
1619.76203997264,-621.768392461096,1238.9745504227,-86.6375403902036,-1195.14993701298,3891.04020491123,0
1606.392804561,-600.605658859987,1228.9989099201,-85.9399756527624,-975.91292684906,3914.17295979737,-1191.61543826908,3907.66871412371,0
1606.392804561,-600.605658859987,1228.9989099201,-85.9399756527624,-975.91292684906,3914.17295979737,-1191.61543826908,3907.66871412371,0
1489.30878090495,-556.829736202553,1161.6018116216,-30.4176139337486,-1194.31829024971,3894.95279531417,0
1479.07618511702,-538.339705594603,1167.82210794267,-20.3844107187471,-976.880614431459,3918.05414270247,-1198.13924595377,3918.93688993652,0
1442.86134636456,-496.817003701621,1146.82530634438,-20.0179101835642,-977.122536327058,3919.02443842875,-1199.60110447739,3923.71841371633,0
1442.86134636456,-496.817003701621,1146.82530634438,-20.0179101835642,-977.122536327058,3919.02443842875,-1199.60110447739,3923.71841371633,0
1321.73483191519,-379.001364248374,1136.95670652396,-9.92207086165116,-1195.80027231599,3911.28645188882,0
1321.73483191519,-379.001364248374,1136.95670652396,-9.92207086165116,-1195.80027231599,3911.28645188882,0
1164.15054908955,-236.84910608763,1143.95643998541,-9.98315661013978,-1200.47821959156,3926.58732798422,1325.26120051203,-417.074275081457,0
1164.15054908955,-236.84910608763,1143.95643998541,-9.98315661013978,-1200.47821959156,3926.58732798422,1325.26120051203,-417.074275081457,0
1180.35012314002,-92.8955693417684,-1194.73411363135,3892.9965001127,0
942.239249710242,-57.6298213209049,-1201.062963001,3928.49993749615,1114.35138974708,-239.540837780707,1152.7690957789,-25.4999999999995,0
772.529109285761,-26.9773109510333,-976.396770640259,3916.11355124992,-1199.89347618211,3924.6747184723,1114.35138974708,-239.540837780707,1152.7690957789,-25.4999999999995,0
632.132495499645,33.1286603017834,-979.541755283055,3928.72739569151,1160.56332441296,-29.9999999999995,-1194.1103785589,3895.9309429149,0
1113.95758229349,-9.72136054518856,513.597937109472,81.3459218209201,-975.187161162261,3911.26207261854,749.943285503728,1.65562480066228,-1194.1103785589,3895.9309429149,0
480.163105264206,97.6902878644266,-976.638692535859,3917.0838469762,-1203.69430834351,3937.10668029982,0
480.163105264206,97.6902878644266,-976.638692535859,3917.0838469762,-1203.69430834351,3937.10668029982,0
1072.95914344786,9.36357258975523,428.592421486082,126.954859082653,-979.299833387455,3927.75709996523,-1200.77059129628,3927.54363274019,0
1016.03204134875,44.3609169505467,395.907505900018,159.957015388594,-979.299833387455,3927.75709996523,-1200.77059129628,3927.54363274019,0
1016.03204134875,44.3609169505467,395.907505900018,159.957015388594,-979.299833387455,3927.75709996523,-1200.77059129628,3927.54363274019,0
948.068384380205,74.6146000371805,359.517618519667,175.348458715631,-973.009864101864,3902.52941108206,-1192.65499672317,3902.77797612004,0
947.071467046472,74.5361409414527,359.075629247912,182.958171395037,-1201.062963001,3928.49993749615,0
858.345824344223,67.5532814216745,352.296089550712,187.31915355157,-976.880614431459,3918.05414270247,-1193.07082010481,3900.82168091857,0
825.453173155667,86.7586245121524,353.179037143571,187.788625114356,-976.154848744659,3915.14325552365,-1193.07082010481,3900.82168091857,0
825.453173155667,86.7586245121524,353.179037143571,187.788625114356,-976.154848744659,3915.14325552365,-1193.07082010481,3900.82168091857,0
471.725695634526,171.694111949486,-978.815989596256,3925.81650851268,865.252539944268,110.731675814081,0
387.562851208917,156.585556047851,-1197.55450254433,3917.02428042459,692.639088343448,184.37460864897,0
345.934224939506,180.081959161663,-976.880614431459,3918.05414270247,-1202.52482152462,3933.28146127597,692.639088343448,184.37460864897,0
343.560958691673,227.398037948568,-978.574067700656,3924.84621278641,550.770374175083,188.842535922651,-1196.18949546707,3886.14946690757,0
338.838138274081,176.387970255783,395.115526448215,416.364888961053,0
337.28598047211,179.33813698421,332.480461074877,483.762072721123,-1205.74091027657,3943.80081359156,0
338.477826662946,187.621323035332,293.929796319919,541.351341399771,-974.461395475462,3908.35118543971,-1199.89347618211,3924.6747184723,0
338.477826662946,187.621323035332,293.929796319919,541.351341399771,-974.461395475462,3908.35118543971,-1199.89347618211,3924.6747184723,0
332.58091267242,199.834773065101,275.124488393195,590.006369360859,-1203.10956493406,3935.19407078789,0
323.954372731755,202.429158937084,272.10681421771,611.1619111629,-974.703317371062,3909.32148116599,-1197.55450254433,3917.02428042459,0
316.325644800604,229.824033646357,257.354729676731,636.975308087383,-972.767942206264,3901.55911535578,-1197.55450254433,3917.02428042459,0
316.325644800604,229.824033646357,257.354729676731,636.975308087383,-972.767942206264,3901.55911535578,-1197.55450254433,3917.02428042459,0
283.851774671898,260.102229932029,236.164478750353,615.229501061656,-976.396770640259,3916.11355124992,-1203.10956493406,3935.19407078789,0
283.851774671898,260.102229932029,236.164478750353,615.229501061656,-976.396770640259,3916.11355124992,-1203.10956493406,3935.19407078789,0
248.247454959136,275.706730252113,234.288738062584,626.633694607178,-974.945239266661,3910.29177689227,-1194.73411363135,3892.9965001127,0
260.291805873596,289.083337110706,233.238115918805,623.823678039433,-974.945239266661,3910.29177689227,-1196.67738743016,3914.1553661567,0
222.036171713713,355.332152289542,-974.703317371062,3909.32148116599,-1198.72398936322,3920.84949944845,204.598073722509,711.09282986428,0
222.036171713713,355.332152289542,-974.703317371062,3909.32148116599,-1198.72398936322,3920.84949944845,204.598073722509,711.09282986428,0
137.512562496852,423.220149751343,-973.977551684262,3906.41059398716,-1202.52482152462,3933.28146127597,192.187998441165,696.872901238352,0
137.512562496852,423.220149751343,-973.977551684262,3906.41059398716,-1202.52482152462,3933.28146127597,192.187998441165,696.872901238352,0
141.040465134606,565.682408418906,-976.396770640259,3916.11355124992,-1195.56576039462,3889.08390970977,0
141.040465134606,565.682408418906,-976.396770640259,3916.11355124992,-1195.56576039462,3889.08390970977,0
213.572709323895,620.260185593152,37.4227547348673,611.856631432604,-975.91292684906,3914.17295979737,-1206.91039709546,3947.62603261541,0
213.572709323895,620.260185593152,37.4227547348673,611.856631432604,-975.91292684906,3914.17295979737,-1206.91039709546,3947.62603261541,0
214.549413787266,623.09674131995,28.2217436253725,646.384199363462,-975.91292684906,3914.17295979737,-1176.56145797997,3880.86451256097,0
214.549413787266,623.09674131995,28.2217436253725,646.384199363462,-975.91292684906,3914.17295979737,-1176.56145797997,3880.86451256097,0
213.247141169438,619.314667017552,39.9867933953313,653.778292966323,-976.396770640259,3916.11355124992,-1206.32565368601,3945.71342310348,0
213.247141169438,619.314667017552,39.9867933953313,653.778292966323,-976.396770640259,3916.11355124992,-1206.32565368601,3945.71342310348,0
213.228729104222,637.273496298566,50.8414940316436,646.002432259067,-939.851034883874,3914.76129952105,-1195.77367208544,3888.10576210903,0
213.228729104222,637.273496298566,50.8414940316436,646.002432259067,-939.851034883874,3914.76129952105,-1195.77367208544,3888.10576210903,0
208.277454208715,641.012091982934,50.4491985530043,641.017845590401,-973.009864101864,3902.52941108206,-1194.04604208766,3905.54862335304,0
211.985658141214,652.424770178475,50.4491985530043,641.017845590401,-1199.89347618211,3924.6747184723,0
205.983472660427,653.296111262535,50.3707394572765,640.020928256668,-1199.60110447739,3923.71841371633,0
206.88559005894,656.15726211478,49.6646075957259,631.04867225307,-973.977551684262,3906.41059398716,-1198.13924595377,3918.93688993652,0
207.186295858444,657.110979065528,50.4491985530043,641.017845590401,-973.493707893063,3904.47000253461,-1203.69430834351,3937.10668029982,0
209.291236454974,663.786997720766,50.8414940316436,646.002432259067,-975.187161162261,3911.26207261854,-1201.35533470573,3929.45624225211,0
206.284178459931,654.249828213284,49.9784439786373,635.036341588003,-979.057911491856,3926.78680423896,-1194.1103785589,3895.9309429149,0
207.487001657949,658.064696016276,50.6845758401879,644.008597591601,-974.945239266661,3910.29177689227,-1191.8233499599,3906.69056652298,0
210.794765452496,668.555582474507,50.0569030743651,636.033258921736,-973.977551684262,3906.41059398716,-1206.03328198129,3944.75711834752,0
210.794765452496,668.555582474507,50.0569030743651,636.033258921736,-973.977551684262,3906.41059398716,-1206.03328198129,3944.75711834752,0
210.794765452496,668.555582474507,50.0569030743651,636.033258921736,-973.977551684262,3906.41059398716,-1206.03328198129,3944.75711834752,0
211.095471252,669.509299425255,53.2737259992068,676.906869604794,-972.042176519465,3898.64822817695,-1195.77367208544,3888.10576210903,0
211.095471252,669.509299425255,53.2737259992068,676.906869604794,-972.042176519465,3898.64822817695,-1195.77367208544,3888.10576210903,0
212.298294450017,673.324167228248,54.2936942436687,689.866794943325,-971.316410832666,3895.73734099813,-1189.66046651682,3891.20405201359,0
212.298294450017,673.324167228248,54.2936942436687,689.866794943325,-971.316410832666,3895.73734099813,-1189.66046651682,3891.20405201359,0
211.677114219261,692.364643317238,66.3255202309678,758.104165247818,-973.493707893063,3904.47000253461,-1171.83556823721,3811.10197634985,0
211.677114219261,692.364643317238,66.3255202309678,758.104165247818,-973.493707893063,3904.47000253461,-1171.83556823721,3811.10197634985,0
215.567646630277,727.744178764959,71.2933975675844,814.887263039048,-972.767942206264,3901.55911535578,-1120.72455020168,3783.50267378989,0
210.586939844187,734.403935696876,73.5594468790235,840.788325189433,-968.41334808547,3884.09379228281,-1103.68362951944,3725.9734896978,0
218.304785807063,761.319263183149,88.9448583387679,923.727672084742,-967.929504294271,3882.15320083026,-1118.02939885975,3656.90938680265,0
224.368807635037,782.467020493792,93.7371459647791,973.497482003101,-968.897191876669,3886.03438373537,-1101.07183998583,3601.44371095679,0
216.997561375545,782.467928005402,108.401546100373,1125.79310035328,-967.203738607472,3879.24231365143,-1104.49240157919,3503.00236009824,0
204.725864676094,764.047328594653,119.71134489776,1243.24985176061,-958.736472261483,3845.28196323177,-1101.64558494669,3390.51648059222,0
204.725864676094,764.047328594653,119.71134489776,1243.24985176061,-958.736472261483,3845.28196323177,-1101.64558494669,3390.51648059222,0
201.620036134864,752.456218679184,122.540974303207,1400.64974551699,-958.978394157083,3846.25225895805,-1103.58559497691,3298.26967280716,0
201.620036134864,752.456218679184,122.540974303207,1400.64974551699,-958.978394157083,3846.25225895805,-1103.58559497691,3298.26967280716,0
201.620036134864,752.456218679184,122.540974303207,1400.64974551699,-958.978394157083,3846.25225895805,-1103.58559497691,3298.26967280716,0
222.568143951694,892.672068173917,140.030644432047,1454.27384581445,-940.834251987108,3773.48007948735,-1093.11454131554,3266.97499218536,0
247.244177302861,991.642232254068,139.551415669446,1449.29686482261,-929.705844789523,3728.84647607865,-1087.40305750025,3249.90516639165,0
296.242166733144,1233.93742898465,153.447784076915,1459.95814240063,-927.657915021705,3586.98700760089,-1081.37426902855,3231.88701694273,194.913925782343,946.05815698403,0
313.13186764666,1356.32313018105,153.447784076915,1459.95814240063,-935.630848045613,3491.82186203498,-1104.00161176422,3206.25348985728,214.497471008153,1084.60935263015,0
331.947610804634,1631.57463319368,154.179483319789,1466.9197956682,-1050.03974688607,3231.69004237093,214.497471008153,1084.60935263015,0
339.830820765626,1748.27801372029,155.224767952465,1476.86501462189,-1042.00530503232,3206.96257294726,0
339.830820765626,1748.27801372029,155.224767952465,1476.86501462189,-1042.00530503232,3206.96257294726,0
183.291492481342,1492.78941206855,-1090.00218112256,3165.59619110651,-992.707472552167,2457.03721460199,308.267225675663,2014.51753893249,-990.505591424866,2879.89072779654,0
183.291492481342,1492.78941206855,-1090.00218112256,3165.59619110651,-992.707472552167,2457.03721460199,308.267225675663,2014.51753893249,-990.505591424866,2879.89072779654,0
183.291492481342,1492.78941206855,-1090.00218112256,3165.59619110651,-992.707472552167,2457.03721460199,308.267225675663,2014.51753893249,-990.505591424866,2879.89072779654,0
434.405298625304,2595.90370324599,174.439269586808,1811.62108102827,-1132.77071469461,3112.26196004293,-994.878926968489,2288.06488559088,0
441.337298071452,2637.32769851056,212.088251970069,2017.88492570223,-1026.36577557419,2252.15414541944,-1134.14861350048,2895.94528027306,0
259.688172383578,2279.25383692209,-1001.38561525262,2249.14891671608,136.15163807204,1865.24346716076,428.439224241275,2615.67392214418,-1134.14861350048,2895.94528027306,0
388.988817183384,2767.79925213269,226.256308172921,2586.12143624617,-997.751941830911,2189.36681772896,-1176.67350280019,2167.16299982441,189.777111036272,2217.52741094115,-1170.83403885301,2509.94778960186,0
427.222524024871,2697.37685816532,192.527867533786,2753.27677871711,-996.922555345598,2187.54689518721,-1179.51915552068,2002.42616886611,189.777111036272,2217.52741094115,-1170.83403885301,2509.94778960186,0
427.222524024871,2697.37685816532,192.527867533786,2753.27677871711,-996.922555345598,2187.54689518721,-1179.51915552068,2002.42616886611,189.777111036272,2217.52741094115,-1170.83403885301,2509.94778960186,0
414.01416057404,2770.23343327673,183.145618604571,2994.4043952656,-988.453478271846,2072.33581286728,-1186.0546601206,1725.7202389745,0
450.218390385785,2842.56704423281,191.570317060381,3132.14699744782,-1016.77044634354,1953.19785465844,-1225.73131953947,1540.9554608424,-1297.11373627655,1796.74610853215,0
451.409941589831,3020.45444670729,222.941690086225,3188.2147046304,-1021.16718627694,1733.59787080835,-1250.86468845001,1490.72248630953,-1087.45327038077,2017.24608434896,0
401.803225206771,3272.42466196144,226.778296142152,3243.08072739469,-971.636038466808,1496.18829321464,-1252.13583718059,1466.06270167686,0
365.117922193914,3473.86498052138,199.262433041773,3257.91198204897,-927.473097579641,1324.5688556153,-1209.2722659908,1415.87590794726,-1356.78897519214,1567.44846133626,461.025217549464,3282.75222845981,0
365.117922193914,3473.86498052138,199.262433041773,3257.91198204897,-927.473097579641,1324.5688556153,-1209.2722659908,1415.87590794726,-1356.78897519214,1567.44846133626,461.025217549464,3282.75222845981,0
200.849695069679,3283.86348680794,-915.488613809254,1171.7719906132,-1232.37103663293,1321.55613882584,323.23351110149,3613.23351110149,0
200.849695069679,3283.86348680794,-915.488613809254,1171.7719906132,-1232.37103663293,1321.55613882584,323.23351110149,3613.23351110149,0
228.243182090778,3264.02957245014,-892.444254926785,1163.05599686695,-1143.69988640971,1029.79200318628,-1323.81612408239,1432.4132703823,323.23351110149,3613.23351110149,0
229.359285670685,3279.9905972543,-874.790173485532,1140.0487499985,-1109.42308292747,964.406772616046,-1259.67795071459,1326.48919794033,298.477242541308,3731.65708839721,0
233.405161147844,3337.84931216937,-888.182924923723,1157.50252348491,-1018.83835547009,825.039032666337,-1259.67795071459,1326.48919794033,298.477242541308,3731.65708839721,0
236.474445992585,3381.7421303808,-883.921594920662,1151.94905010287,-994.694967359418,791.216103166415,-1199.60046504359,1067.00710242797,285.331063007877,3831.40266786018,0
242.194476839604,3463.54238250211,-882.242894141668,1129.21940991843,-1027.04526592082,773.934119773534,274.06652218821,3818.67042060677,0
273.822244090179,3479.24149472862,-874.85495643776,1119.76328087515,-1014.26709776006,764.305079403101,265.871079985845,3848.46861494074,0
281.354317280052,3574.945558767,-882.307188251872,1089.55863796267,-1013.46846225001,763.703264379949,242.252954942187,3821.29907005272,0
261.307750645494,3736.8749322733,-873.496702777174,1078.67859450228,-984.717583888312,742.037923546475,258.614720801066,3515.07138036699,0
261.307750645494,3736.8749322733,-873.496702777174,1078.67859450228,-984.717583888312,742.037923546475,258.614720801066,3515.07138036699,0
287.238749459641,3649.71435879698,-886.693039067203,1075.64466924248,-977.489942510536,723.304508689631,0
286.53261759809,3640.74210279338,-889.237351948314,1078.73116757603,-958.197377855723,709.028761807599,0
286.53261759809,3640.74210279338,-889.237351948314,1078.73116757603,-958.197377855723,709.028761807599,0
274.920671430369,3493.19833740088,-818.098265179846,803.942926151929,-989.395997867991,1040.7099928514,248.813545232092,3828.84616585495,0
274.920671430369,3493.19833740088,-818.098265179846,803.942926151929,-989.395997867991,1040.7099928514,248.813545232092,3828.84616585495,0
239.055435521118,3418.65200024042,-790.436099312436,847.638940176619,-1042.68886298226,1129.75161152467,245.533250087139,3825.07261795384,0
237.520793098747,3396.7055911347,-767.746411875261,931.350872148978,-1042.68886298226,1129.75161152467,245.533250087139,3825.07261795384,0
237.520793098747,3396.7055911347,-767.746411875261,931.350872148978,-1042.68886298226,1129.75161152467,245.533250087139,3825.07261795384,0
234.102725885285,3347.82495267197,-730.052903197201,1344.59018237281,-893.552397485071,1027.91444826342,-1034.81107418059,1237.5,272.43167027575,3856.01571074297,0
233.68418704282,3341.83956837041,-777.276590437287,1558.97565791073,-895.862305187677,1012.58813450673,-1040.40957447448,1186.66433226565,226.13002184909,3841.79150903609,0
233.68418704282,3341.83956837041,-777.276590437287,1558.97565791073,-895.862305187677,1012.58813450673,-1040.40957447448,1186.66433226565,226.13002184909,3841.79150903609,0
192.596318974034,3674.95668789683,-834.671066937881,1789.95787939738,-870.791083560259,1056.35405465779,-1040.40957447448,1186.66433226565,-853.469911537067,1449.33882589295,212.590923591588,3344.2400629494,0
237.939331941212,3402.69097543626,61.03106531118,3496.4673899619,-858.869638132549,1800.65764227797,-847.065246353081,1046.03846412108,-1015.40754069945,1186.6079086227,0
237.939331941212,3402.69097543626,61.03106531118,3496.4673899619,-858.869638132549,1800.65764227797,-847.065246353081,1046.03846412108,-1015.40754069945,1186.6079086227,0
264.956366272933,3366.58983601677,51.2053604869894,2933.55313758885,-920.506088445536,1846.24958798498,-907.397922307355,1295.89853406519,17.3427813903686,3138.29430492363,0
264.956366272933,3366.58983601677,51.2053604869894,2933.55313758885,-920.506088445536,1846.24958798498,-907.397922307355,1295.89853406519,17.3427813903686,3138.29430492363,0
264.407152602838,3359.61141468064,24.0765114400136,2758.89494573405,-918.825923669907,1883.87232104305,-966.734287151673,1488.64025810313,-990.005607204839,1265.98148609234,17.3427813903686,3138.29430492363,0
261.268788773724,3319.73472133132,45.2715422983131,2593.60492123568,-923.648006284586,1893.75905555234,-981.252304536552,1601.25822865699,0
62.4058447659696,2383.18306274173,-970.926441326944,1947.37717084601,235.462627346478,3245.95963374373,0
269.659868061254,3082.22639589586,82.3628122179025,2358.56235176507,-930.661944633212,1908.13976029313,0
261.118605271984,2984.59931548287,101.502314399137,2324.78521162098,-908.629262742504,1948.5617421288,-1091.79170955848,1818.29548016187,235.462627346478,3245.95963374373,0
281.913265432861,2682.22555180823,99.7139195171586,2283.82423453613,-909.897117527726,1951.28066548991,234.329317583361,3052.55061049546,-1122.23814876143,2158.11104468248,0
281.913265432861,2682.22555180823,99.7139195171586,2283.82423453613,-909.897117527726,1951.28066548991,234.329317583361,3052.55061049546,-1122.23814876143,2158.11104468248,0
214.387878161957,2039.76440740033,97.6638083109878,2236.86896812178,-899.97664856428,2069.80458788723,-1124.54622420329,2591.76122502021,0
214.387878161957,2039.76440740033,97.6638083109878,2236.86896812178,-899.97664856428,2069.80458788723,-1124.54622420329,2591.76122502021,0
219.545055314127,1667.61025683075,37.4005069950983,2142.67361072015,-884.810467427346,2305.01007302159,177.37179139368,1887.58607410141,-1112.58637440667,2799.60740477312,0
221.006884324584,1572.54569316161,18.1686469076145,2081.9207238196,-896.180688642977,2396.94413228665,177.37179139368,1887.58607410141,-957.652671225222,2184.58100961652,-1112.58637440667,2799.60740477312,0
221.006884324584,1572.54569316161,18.1686469076145,2081.9207238196,-896.180688642977,2396.94413228665,177.37179139368,1887.58607410141,-957.652671225222,2184.58100961652,-1112.58637440667,2799.60740477312,0
187.957716796874,1427.68060037829,-16.624050124402,1904.92746343725,-877.664679616484,2623.06323030035,-1095.79889596087,2930.84728015824,-26.5490769399116,2115.51067746561,0
184.961051175927,1316.06626335755,-54.3385163657936,1556.05151766873,-894.364320472652,3019.32334509994,-1080.78365290911,2969.42868168347,-96.5613580822289,1832.53778843514,-927.514644788849,2814.22829654213,0
193.925947402049,1297.58881273083,-79.7904411720581,1304.56218153738,-907.808763537839,3273.45264954969,-1083.17779391239,2976.00653002897,-96.5613580822289,1832.53778843514,-927.514644788849,2814.22829654213,0
193.925947402049,1297.58881273083,-79.7904411720581,1304.56218153738,-907.808763537839,3273.45264954969,-1083.17779391239,2976.00653002897,-96.5613580822289,1832.53778843514,-927.514644788849,2814.22829654213,0
202.582632227099,1279.0564010707,-51.4985809430565,982.651462198501,-943.136600353586,3519.83371099737,-1095.49051907212,3009.83546437726,-118.097938890576,1191.48960406922,0
202.582632227099,1279.0564010707,-51.4985809430565,982.651462198501,-943.136600353586,3519.83371099737,-1095.49051907212,3009.83546437726,-118.097938890576,1191.48960406922,0
184.466145089754,1234.29179747567,-34.0667415323273,780.256661055431,-883.740684625586,3544.49028808622,-1076.0027504809,3124.93889235574,0
184.466145089754,1234.29179747567,-34.0667415323273,780.256661055431,-883.740684625586,3544.49028808622,-1076.0027504809,3124.93889235574,0
157.284061625162,1194.69105795544,-19.9206576622914,760.739224306399,-894.143326136372,3586.21300431608,-1016.68630812395,3224.51701047976,0
151.80196155192,1153.05037377774,-6.60598737226895,756.971175759578,-933.730886017429,3366.92480351093,-1044.36281884159,3144.56390350125,0
151.80196155192,1153.05037377774,-6.60598737226895,756.971175759578,-933.730886017429,3366.92480351093,-1044.36281884159,3144.56390350125,0
31.4931976777728,721.312815982101,-916.390814839255,3543.42036378387,74.1553363974087,1188.86456360395,-1031.41592990747,3344.71689448803,0
31.4931976777728,721.312815982101,-916.390814839255,3543.42036378387,74.1553363974087,1188.86456360395,-1031.41592990747,3344.71689448803,0
31.4931976777728,721.312815982101,-916.390814839255,3543.42036378387,74.1553363974087,1188.86456360395,-1031.41592990747,3344.71689448803,0
18.2191560222797,695.761498182988,-985.84236935269,3554.83274188661,44.5034825133441,1115.5065836643,0
18.2191560222797,695.761498182988,-985.84236935269,3554.83274188661,44.5034825133441,1115.5065836643,0
5.92531760339588,678.974145760572,-978.626933198577,3528.81471964998,-1071.77524400908,3879.92569177931,0
6.09984831336335,698.973384221856,-975.152834309559,3516.28752375827,-1073.90336305451,3795.51386787716,0
6.09984831336335,698.973384221856,-975.152834309559,3516.28752375827,-1073.90336305451,3795.51386787716,0
11.8152791580408,676.896889620877,-972.747688924855,3507.61484967939,-11.1597140672059,1035.37220738312,-1068.29135715687,3815.75010739454,0
5.80314610641864,664.974678837674,-972.213212172698,3505.68758877297,-5.2730344861136,1081.9606160705,-1025.34463045746,3820.07948887118,0
4.13304644415052E-14,675,-991.467568873746,3457.65832029013,-9.73602185960749,1115.24526952577,-1055.19667672903,3862.96799960176,0
4.13304644415052E-14,675,-991.467568873746,3457.65832029013,-9.73602185960749,1115.24526952577,-1055.19667672903,3862.96799960176,0
108.880774862975,1130.77008134512,-17.119724193349,653.775890534014,-995.602129211001,3472.07724572921,-1070.69650254157,3807.07743331566,0
108.880774862975,1130.77008134512,-17.119724193349,653.775890534014,-995.602129211001,3472.07724572921,-1070.69650254157,3807.07743331566,0
11.8327315644781,677.896737316033,15.106633804166,1187.36244838738,-1008.30224274434,3406.53725897843,-1070.69650254157,3807.07743331566,0
4.09630825353585E-14,669,-963.394345762116,3473.88778381709,0.788361754530797,1221.95943125683,-1132.59771960817,3652.93312260138,0
68.4172580569116,782.01283800202,-20.8207208796792,1192.81830032157,-1088.79222838747,3561.27891120634,0
111.991472924804,850.659691058729,20.4891251573707,1173.8211941136,-964.730537642507,3478.70593608313,-1121.03735107919,3350.4274738435,0
241.83330444806,1188.64866670507,40.9720091287363,1173.28483092042,-965.265014394664,3480.63319698955,-1141.76028725133,2974.38723882008,-5.70429753100848,811.401915420612,0
277.354195550891,1304.8488993789,41.1116071155463,1177.28239422849,-995.050854499367,3470.15472233733,-1130.28978321773,2869.40777965656,-1148.50069727191,3070.2823327013,0
279.18482505397,1506.34651838798,30.7579142617509,1174.59735684628,-1013.934780593,3422.98645347945,-1096.09889233496,2712.93995846242,-1148.50069727191,3070.2823327013,0
297.459328343452,1686.97568090991,30.7840912100588,1175.59701417126,-1001.43810542603,3380.79838514525,-1070.25103738926,2648.96427249731,0
297.459328343452,1686.97568090991,30.7840912100588,1175.59701417126,-1001.43810542603,3380.79838514525,-1070.25103738926,2648.96427249731,0
357.367949638543,2026.73435569912,52.0379291268461,1191.86452834716,-985.0002732109,3221.79072283947,-1047.77464178431,2593.3332412233,237.92696843708,1626.73749508588,0
357.367949638543,2026.73435569912,52.0379291268461,1191.86452834716,-985.0002732109,3221.79072283947,-1047.77464178431,2593.3332412233,237.92696843708,1626.73749508588,0
343.999388623468,2171.92666096871,91.3896636836808,1494.20779323753,-921.488677226093,2836.05053159215,-1075.68279673097,2534.14986155457,1.06683439183939,1313.58256072255,-995.781034241807,3077.31230721234,0
326.65879859644,2185.72505802984,106.957041265069,1748.73216683511,-1034.66341101475,2560.88180631347,0
328.432511529995,2197.59324839018,130.37484942777,1864.44720993561,-973.546651936788,2350.34953070871,61.4030601074207,1564.39975604769,-1141.30397977786,2489.07200944907,0
223.16826907644,2123.30424661126,-1029.79352530034,2548.8284162041,-940.109581101693,2062.88220107712,61.4030601074207,1564.39975604769,0
313.696169563988,2232.0642269435,184.928088630531,2349.73415560898,-1051.2313887069,2537.8970758085,-963.341078504077,1932.16328669877,135.823343627485,2130.67896513831,-997.716127349538,2133.5348289475,0
337.448885608901,2257.92321605526,161.595484148766,2642.06281142268,-1073.37800107704,2410.84646271882,-933.743328594445,1684.51755595048,135.823343627485,2130.67896513831,-997.716127349538,2133.5348289475,0
341.439739709401,2284.62664436603,175.392454083644,2867.64127586602,-1110.28811866859,2327.76744833829,-921.164969594218,1503.20460975626,-1024.56404746402,1779.50726274486,139.259218848533,2557.04640574505,0
383.240540808494,2290.15516676945,181.37521095806,2965.45848611137,-1102.94180532132,2261.3658204887,-913.050892273812,1461.18686967752,0
398.424920547676,2380.89344211088,159.362986759764,3040.82693332768,-1113.18470536137,2184.74799730988,-912.334734972906,1432.07867499028,0
398.424920547676,2380.89344211088,159.362986759764,3040.82693332768,-1113.18470536137,2184.74799730988,-912.334734972906,1432.07867499028,0
464.141057774365,2930.47130654577,219.523622872763,3139.33406616767,-929.767403325045,1327.84546379246,-1229.56502984278,1820.04127608513,0
458.800412146312,3069.90523987539,219.732892293995,3142.32675831845,-897.75388552586,1306.24000896589,-1134.52013109674,1352.068442105,-1235.62023306645,1724.92442186099,0
458.800412146312,3069.90523987539,219.732892293995,3142.32675831845,-897.75388552586,1306.24000896589,-1134.52013109674,1352.068442105,-1235.62023306645,1724.92442186099,0
282.384606502412,3227.67082181726,-893.058511398578,1275.41973295796,-1150.39598713191,1017.78439405937,-1241.51278904878,1291.42039325748,0
280.031401448226,3200.77356496878,-893.701848839136,1252.92378275038,-1152.03550299787,949.664782874702,-1241.51278904878,1291.42039325748,0
280.031401448226,3200.77356496878,-893.701848839136,1252.92378275038,-1152.03550299787,949.664782874702,-1241.51278904878,1291.42039325748,0
228.243182090778,3264.02957245014,-949.973473978255,1092.81947216257,-1153.6016895109,822.856088242402,-1244.73557825876,1042.75236169177,-1004.12672517816,1316.12193620209,350.696256356013,3571.02057980575,0
228.243182090778,3264.02957245014,-949.973473978255,1092.81947216257,-1153.6016895109,822.856088242402,-1244.73557825876,1042.75236169177,-1004.12672517816,1316.12193620209,350.696256356013,3571.02057980575,0
232.49832698917,3324.88097951599,-935.713867840301,952.189349620832,-1133.248801552,808.338514349628,-969.750743093041,1174.75869559161,286.883270420245,3719.22407546969,0
177.942251226009,3395.34041816555,-1011.5998288213,833.898546784149,-1213.24434699212,891.259323270772,258.163641031032,3800.69548330783,0
179.512329913298,3425.29930420819,-934.570234863075,717.120963372273,-1213.24434699212,891.259323270772,-1035.47153889657,987.586100068738,258.163641031032,3800.69548330783,0
210.006975999908,3433.58370657122,-904.480999711191,657.143912062985,208.137885434681,3782.05417188114,0
211.594238027814,3459.53521133019,-928.918418223716,650.435678822087,208.137885434681,3782.05417188114,0
214.036179609208,3499.46060326707,-947.697741778329,615.44210956698,208.137885434681,3782.05417188114,0
245.194005210601,3506.43763666328,-947.269723406728,591.91981814849,205.513649318718,3779.03533356025,0
243.450093366998,3481.49853540679,-1174.98018951886,664.771806139681,205.513649318718,3779.03533356025,0
243.450093366998,3481.49853540679,-1174.98018951886,664.771806139681,205.513649318718,3779.03533356025,0
209.457539144094,3424.60049338543,-900.248096673602,630.3605035498,-1037.51873326023,419.184778032406,-1128,653.90795422198,200.265177086794,3772.99765691846,0
209.457539144094,3424.60049338543,-900.248096673602,630.3605035498,-1037.51873326023,419.184778032406,-1128,653.90795422198,200.265177086794,3772.99765691846,0
202.803248334795,3315.80380035744,-940.854507311032,532.309868471848,205.513649318718,3779.03533356025,0
199.872918437122,3267.89333003319,-871.221556207145,503,-1042.22657722264,682.033911611611,235.036305623291,3812.99726467027,0
199.872918437122,3267.89333003319,-871.221556207145,503,-1042.22657722264,682.033911611611,235.036305623291,3812.99726467027,0
196.148957525495,3207.00710732946,-713.801349969891,481.465089888313,-1042.22657722264,682.033911611611,235.036305623291,3812.99726467027,0
197.003637078983,3220.98099450736,-667.659286399537,503.117359355112,-1018.16391402492,762.888439872774,249.469604261082,3829.60087543517,0
196.637345841774,3214.99218571683,-643.534902545358,530.489235711655,-1018.16391402492,762.888439872774,249.469604261082,3829.60087543517,0
196.271054604565,3209.0033769263,-621.58418185146,655.013057024096,-874.035231256354,612.006057586567,-935.257790811751,811.361757831866,193.889496354106,3728.0467783913,0
195.233229432472,3192.03508535313,-637.454987916922,801.390752616872,-880.588447610666,616.594669077375,-1038.18740962661,803.130990285161,164.793081731372,3658.85028384118,0
194.805889655728,3185.04814176418,28.8673794286209,3307.87404149628,-645.847067331278,922.365201869405,-872.396927167776,610.858904713864,-1041.92249744644,807.826639226276,0
195.538472130147,3197.02575934524,1.85650323239472E-13,3032,-663.565016308327,1041.58843557891,-871.917720159618,621.932865566417,-1041.92249744644,807.826639226276,95.9548052898845,3481.4658772117,0
195.477423590612,3196.02762454682,1.76343314950422E-13,2880,-672.455652789426,1097.34789152372,-872.396927167776,610.858904713864,-1041.92249744644,807.826639226276,95.9548052898845,3481.4658772117,0
194.683792576659,3183.05187216733,-45.4460663626862,2603.60339818724,-660.832417658853,1168.01734395135,-869.12031899062,608.56459896846,-1036.83456034707,815.756827390976,-34.8963882173812,2966.11876563219,0
194.683792576659,3183.05187216733,-45.4460663626862,2603.60339818724,-660.832417658853,1168.01734395135,-869.12031899062,608.56459896846,-1036.83456034707,815.756827390976,-34.8963882173812,2966.11876563219,0
190.654588967358,3117.17497547149,-81.8393197673642,2343.57148935978,-662.249941256496,1194.73051995241,-834.468406315227,595.220529603713,-1036.83456034707,815.756827390976,-34.8963882173812,2966.11876563219,0
180.947871181316,2958.47154252241,-110.167187891396,2102.11517065838,-649.160081509845,1171.11578785965,-845.700543392941,697.14172942443,-119.747944439508,2422.21581068043,0
177.407055888294,2900.57972421395,-107.707397947978,2055.17958252491,-651.584129611077,1175.48888639535,-839.010507963978,755.448454579151,-119.747944439508,2422.21581068043,168.812501796977,3134.04341578552,0
177.407055888294,2900.57972421395,-107.707397947978,2055.17958252491,-651.584129611077,1175.48888639535,-839.010507963978,755.448454579151,-119.747944439508,2422.21581068043,168.812501796977,3134.04341578552,0
157.99362031621,2583.17285831579,-87.5877298295945,2006.08882893637,-650.367390233846,1197.82772455826,-811.441824479218,1038.59817325366,0
157.99362031621,2583.17285831579,-87.5877298295945,2006.08882893637,-650.367390233846,1197.82772455826,-811.441824479218,1038.59817325366,0
75.9064053279399,2173.67504876653,-86.2355288212691,1975.11833406733,-659.910565439038,1215.4040668115,-915.517750724243,1339.28263716141,88.0547493131235,2415.74897048107,0
18.5962471470348,2130.91885804975,-652.565472272388,1227.29715407391,-915.517750724243,1339.28263716141,-130.042346886104,1982.11190998631,88.0547493131235,2415.74897048107,0
109.582128465068,1791.65196316725,-67.2862296424214,1926.82551449282,-807.844725722704,1950.30969313133,-664.204994281375,1223.31342082546,-901.017067367343,1747.35570853454,0
130.869771674045,1662.85811266686,-83.4875074172529,1912.17829610768,-818.76374050208,2078.55284687184,-658.199131025818,1237.89252518822,-901.017067367343,1747.35570853454,0
167.814085868888,1366.7360508101,-96.0364797058015,1832.48519627464,-842.053592867796,2313.52323237491,-663.509188249982,1455.93803340247,82.7314865607179,1640.76859254893,-921.997787740944,2111.71071964866,0
182.873454661526,1301.21224232642,-110.009468241812,1798.6389067562,-824.169135448181,2327.38184150659,-694.299449730391,1559.42209619592,-773.813808606091,1375.64431620504,82.7314865607179,1640.76859254893,-921.997787740944,2111.71071964866,0
200.532841120724,1198.33700586774,-102.134206641816,1669.87951775978,-665.571198911751,1828.64184004938,-722.91180372458,1568.21262690401,-924.290729769623,2302.47996280605,0
193.600841674575,1156.91301060317,-111.052306200648,1588.12196801364,-654.599506163705,1956.39170069039,-722.91180372458,1568.21262690401,-153.033825439917,1851.8476829522,-924.290729769623,2302.47996280605,0
193.600841674575,1156.91301060317,-111.052306200648,1588.12196801364,-654.599506163705,1956.39170069039,-722.91180372458,1568.21262690401,-153.033825439917,1851.8476829522,-924.290729769623,2302.47996280605,0
237.227239223064,1116.06641243727,-119.229056078796,1362.79434698951,-623.467131390573,2248.14984733572,-838.663565881635,2435.65585074384,-188.227238826664,1583.96100959557,-718.036633102341,2038.29368515882,0
241.330169540985,1088.57004793873,-111.123572003264,1270.14824006698,-764.259636145234,2499.78063208738,-188.227238826664,1583.96100959557,-718.036633102341,2038.29368515882,0
246.096453452188,1065.96085087505,15.148688787562,867.867799395748,-743.909828968978,2983.65935829869,-825.437419639229,2617.95302980388,-166.785238089017,1218.65605366291,0
246.096453452188,1065.96085087505,15.148688787562,867.867799395748,-743.909828968978,2983.65935829869,-825.437419639229,2617.95302980388,-166.785238089017,1218.65605366291,0
246.096453452188,1065.96085087505,15.148688787562,867.867799395748,-743.909828968978,2983.65935829869,-825.437419639229,2617.95302980388,-166.785238089017,1218.65605366291,0
151.201184749792,606.434828922498,-698.23419456432,3149.53091896891,-913.953948963275,2989.40866714045,-106.390722062692,1021.65159948409,196.270127052773,1124.76355214249,-861.088585259349,2585.94062053358,0
151.201184749792,606.434828922498,-698.23419456432,3149.53091896891,-913.953948963275,2989.40866714045,-106.390722062692,1021.65159948409,196.270127052773,1124.76355214249,-861.088585259349,2585.94062053358,0
209.638701686298,532.198848885718,206.266952083012,930.410094785296,-740.538870900003,3207.62625327299,-1031.49872722357,3174.62665139322,-920.30332507399,2980.52908108743,0
222.716743238886,524.687766467891,216.403852294424,901.386916208646,-742.11352828041,3214.44684372649,-1020.5954835175,3236.91533083948,-920.30332507399,2980.52908108743,0
220.76308759644,520.085242200629,228.096183693596,881.982500384456,-758.310004193168,3284.60148839103,-1028.11312850511,3260.75825460819,0
204.17090327427,546.079886331816,-771.8070674538,3343.06369227814,-1026.60959950759,3255.98966985445,193.344378496795,909.585237481065,0
218.395643961477,540.548187212437,-832.466167510158,3467.47113613812,-1054.98401879607,3246.90694663165,193.344378496795,909.585237481065,-798.332405088097,3268.17557938907,0
225.783225095403,545.088924181659,-878.660324817993,3524.11407783442,-1054.98401879607,3246.90694663165,218.179093987535,919.119310482149,0
256.050641853104,502.527679642239,252.316781175722,825.2910043961,-985.817261467315,3328.0632997275,0
264.676461348156,519.456803601818,251.732037766276,823.378394884174,-986.953322846131,3331.89857866697,-1095.86024224116,3131.73609519044,0
261.044537350239,512.328751408312,249.685435833217,816.684261592432,-981.841046641461,3314.63982343934,-1095.86024224116,3131.73609519044,0
263.196709543969,505.596174911586,248.797441960636,839.926087744537,-987.805368880243,3334.77503787158,-1088.49618899627,3074.02330636096,0
267.81419567632,514.466283243368,256.117613337117,837.722966223619,-961.512752555865,3588.41444466389,-1030.88069323482,3172.72453836063,0
273.232449541388,513.875499043895,257.885932991162,870.608319260319,-965.912676322608,3604.8351837108,-1018.8290304542,3135.63333422512,0
269.946148601887,507.694865893883,251.65690586092,877.631928391685,-966.17149536771,3605.80110953709,-1006.4683506792,3097.59107357332,0
278.183557231352,512.350376681926,243.870123949026,942.975801728277,-973.418428630581,3632.84703267319,-1003.68719772983,3089.03156492666,0
272.762977978603,512.992551451037,239.018832852472,958.652177560685,-974.712523856094,3637.67666180463,-1001.83309576358,3083.32522582889,0
259.964469251324,499.387099079339,228.775222267711,990.934355886584,-998.402573028368,3600.12337318742,-1000.90604478045,3080.47205628,0
250.763170967713,502.953111220338,217.683540286194,1024.12053796829,-980.000200584426,3108.16354248847,-1059.35209207164,3464.92106958333,0
241.980873027571,496.13431355714,211.928114285481,1041.65996101194,-1118.97774686925,3249.74734433485,-1017.73489147799,3063.20814958984,0
251.056746355969,492.726607876167,205.119670029786,1055.24922220624,-978.496671586904,3103.39495773473,-1178.67218605449,3070.5460227493,-1118.51612122072,3338.06969010829,0
223.865770340314,469.344347861927,195.17424780209,1053.066006001,-982.40584698046,3115.79327809446,-1205.81718442994,2773.18966494062,0
266.09128610097,545.567986103594,194.263070174629,1048.14973146318,-992.329138364101,3147.26593746915,-1213.80712125481,2663.45663985564,-1149.93167031648,2921.965154212,0
266.09128610097,545.567986103594,194.263070174629,1048.14973146318,-992.329138364101,3147.26593746915,-1213.80712125481,2663.45663985564,-1149.93167031648,2921.965154212,0
362.027200838897,794.396189475222,199.967827154619,1028.74528825315,-1036.95161713184,3099.12170521386,-1220.40158478019,2344.36963209004,-1260.51597949064,2574.74719825315,0
384.596849526915,928.498930173843,195.17424780209,1053.066006001,-1053.86411597782,3060.64362921499,-1194.0819138258,2293.81001459888,0
394.409687911529,1178.76630342131,193.716363598153,1045.19996674048,-1096.85859964542,3013.59423486041,-1185.41569603437,2229.44267196879,348.564488830368,891.647638928925,0
372.91214759625,1258.93031188194,195.356483327582,1054.04926090856,-1105.60470263614,2957.07410145719,-1176.49573634144,2212.66666770447,0
460.956719327589,1720.31389662083,184.240716504613,1044.88102594595,-1066.15604256914,2573.92837757644,-1165.22841883458,2191.47592547586,342.809057045014,1361.63027814031,-1104.83717466412,2815.85393989141,0
186.668842228427,1115.48901533861,-1068.49716136013,2399.88391722711,-1171.9019151976,2158.37482869779,342.809057045014,1361.63027814031,-1104.83717466412,2815.85393989141,0
187.329032651869,1119.43415774476,-1053.71033540235,2024.1587213127,333.237888416906,1733.13490424181,-1241.08300968471,2182.00775834998,0
183.431479211847,1227.36868643214,-1020.6425881953,1879.78980398394,326.684399420593,1874.18501305338,-1212.82095580401,2069.0955681164,0
183.431479211847,1227.36868643214,-1020.6425881953,1879.78980398394,326.684399420593,1874.18501305338,-1212.82095580401,2069.0955681164,0
324.978735939675,1941.99634942681,151.244597476914,1570.73520102341,-1177.11775795811,2123.57664893445,-977.480400987655,1476.81179088095,148.055450347632,1171.1227159509,0
207.161881195269,1818.23649588816,-1208.53918018799,1972.15670015102,-914.593852567088,1258.83044324742,-1083.02273193069,1604.79025830747,0
295.766631670351,1979.0207425872,173.708437941449,2207.17497688515,-1221.83649408358,1811.44709603277,-907.48501463002,1161.52785081631,-1083.02273193069,1604.79025830747,0
296.653488137129,1984.95483776737,165.811138089786,2371.2097474676,-901.401193851273,1133.2166111223,-1031.04118055245,1300.46252139484,-1310.98082588242,1759.09342417953,0
332.405878203405,1986.37920149598,187.365888476721,2679.45703899789,-932.684821655169,1111.53048696564,-1290.14741701564,1569.02484239908,144.472348107469,2441.45995152576,0
345.212577201858,1957.79781298827,195.387882957295,2794.17690477777,-883.348269388782,1110.52097457358,-1176.82665475945,1197.54750412987,-1290.14741701564,1569.02484239908,144.472348107469,2441.45995152576,0
399.642507404279,2156.27801228775,232.945055215972,2959.84756385366,-865.295344926291,1087.82533802486,-1146.76853134911,962.25305170075,-1248.90046227138,1319.21969019521,0
421.328534937845,2273.28534628786,263.384654583423,3010.50037763326,-871.608741604025,1076.3471566179,-1101.17443632423,844.960863464104,-1217.83570863538,1059.21404539745,0
421.328534937845,2273.28534628786,263.384654583423,3010.50037763326,-871.608741604025,1076.3471566179,-1101.17443632423,844.960863464104,-1217.83570863538,1059.21404539745,0
535.410041026585,2754.44587675415,270.357114003236,3090.19595348059,-901.163265573403,1018.57978027304,-946.312699975132,568.6020347007,-1109.06251317977,779.280801869008,0
552.582850610474,2842.79232326443,271.490138658955,3103.14648455579,-924.882994225839,1009.33267409306,-943.101664721254,544.5,0
531.618338477243,3176.82592255142,272.361696086432,3113.1084315367,-908.421815603248,974.163130556735,-949.558064270431,537.234104072883,518.958983869204,2957.52379840243,0
497.674287273399,3330.01641193957,273.756187970394,3129.04754670617,-915.511585672693,964.747913446343,-952.16913135825,538.711374753193,518.958983869204,2957.52379840243,0
497.674287273399,3330.01641193957,273.756187970394,3129.04754670617,-915.511585672693,964.747913446343,-952.16913135825,538.711374753193,518.958983869204,2957.52379840243,0
306.706408064717,3185.26783477497,-891.55658418941,907.254571324119,-916.254877203936,529,453.774848527867,3497.80451736664,0
306.706408064717,3185.26783477497,-891.55658418941,907.254571324119,-916.254877203936,529,453.774848527867,3497.80451736664,0
344.212229540383,3274.96060144772,-920.806329858048,904.873860211108,-899.077433905916,508.673537586882,453.774848527867,3497.80451736664,0
353.306205844669,3361.48400634476,-927.94834243686,896.109297892106,-908.729875717832,503.717195435944,387.817145384036,3789.02461052091,0
300.774468222168,3437.86790311461,-953.141923510146,904.497912461593,-919.242699844416,499.108063231551,362.309197622141,3838.78938917701,0
301.035935450411,3440.85648720889,-961.730117629209,896.827843482186,-911.333345830458,494.813634389214,362.309197622141,3838.78938917701,0
301.035935450411,3440.85648720889,-961.730117629209,896.827843482186,-911.333345830458,494.813634389214,362.309197622141,3838.78938917701,0
305.306566845046,3489.67002741538,-1005.27316085673,873.870626615356,-918.056212339459,477.90981469826,338.767039384675,3852.0679384653,0
334.789213553143,3476.91892089656,-1034.92604265374,868.406060686515,-923.378277338529,480.68030637767,334.083125140163,3846.86592468696,0
334.597522048102,3474.92812849982,-1031.09582043814,865.192122638082,-924.265288171707,481.142054990905,334.083125140163,3846.86592468696,0
334.597522048102,3474.92812849982,-1031.09582043814,865.192122638082,-924.265288171707,481.142054990905,334.083125140163,3846.86592468696,0
336.131054088426,3490.8544676737,-1053.80992373565,853.35845026358,-949.8129547848,483.953872722357,317.354859981192,3828.28730405002,0
305.742345558785,3494.65100090584,-1059.24994546585,857.763693000929,-942.684902591293,480.321948724441,317.354859981192,3828.28730405002,0
300.164378022935,3430.89454022797,-1046.34710571168,832.302069184497,-946.486030336937,513.899984799599,324.715296651139,3836.46189713027,0
270.683880261065,3439.36480137929,-897.377507701604,582.763767466079,-1157.62455990402,916.78437727895,324.715296651139,3836.46189713027,0
240.241295574768,3435.61058909483,-866.346696687623,562.612123170523,-1165.448155205,927.166638909565,366.870524851748,3883.28002113535,0
237.799818993724,3400.69584733574,-877.700425541975,661.394710444101,-1032.59713983806,532.540703017445,-1171.40554186706,970.609135851578,386.944443042513,3905.57436589967,0
264.32869350711,3358.61449734691,-856.217117265635,731.278502419787,-1032.59713983806,532.540703017445,-1171.40554186706,970.609135851578,386.944443042513,3905.57436589967,0
266.525548187489,3386.52818269144,-936.132738072538,872.957900879998,-1161.09100938418,1002.43563348558,350.26782773302,3904.8003284975,0
267.153220953312,3394.5035213613,-843.471837039699,1160.93938692805,-1060.80423738876,859.022333783028,272.078662043563,3816.4235534444,0
267.153220953312,3394.5035213613,160.432106729707,3674.49935897807,-840.048091644952,1269.17422118623,-1066.24425911896,863.427576520377,0
265.584039038755,3374.56517468664,60.1758973957531,3447.47485289924,-827.271580973825,1462.19756917903,-1050.70133988982,850.841168699381,-1180.04251886168,1003.50307745725,0
265.03482536866,3367.58675335051,2.03529576005279E-13,3324,-844.571005659507,1555.50628941168,-1047.09455965714,863.158144916926,-922.639620944947,1349.21990827982,142.742380147051,3599.17425471371,0
265.03482536866,3367.58675335051,2.03529576005279E-13,3324,-844.571005659507,1555.50628941168,-1047.09455965714,863.158144916926,-922.639620944947,1349.21990827982,142.742380147051,3599.17425471371,0
263.387184358376,3346.65148934211,-121.741710136652,2788.34358643496,-866.240398428923,1664.03232304234,-1052.39412789545,1016.28519598151,0
262.210297922458,3331.69772933611,-163.610085953417,2675.0012597706,-876.860616533329,1684.43357220544,-1041.29289731804,1078.29036070764,-116.382325548575,2876.19262679227,0
227.127078510872,3248.06854764599,-174.530697307802,2495.90525375008,-879.379597995502,1725.87963735287,-1019.49903350074,1258.97645756029,0
197.125734158053,3222.97726410421,-170.136039461922,2433.05871858371,-866.962350872359,1738.85746459273,-1025.49279945109,1360.87490912059,0
158.944299109821,3032.83789704964,-145.967058027843,2386.54030302668,-853.946993945123,1750.85080219078,-995.188378229959,1592.63432458177,-1134.58874144051,1288.72821624587,202.874682063551,3275.82680121436,0
96.671605865928,2768.3125908429,-143.280922288309,2342.62237189612,-882.133076518092,1769.2852328872,-1104.40554300008,1650.24948535036,153.650911505206,3068.55179364194,0
67.5888805309284,2581.11521308689,-142.9146310511,2336.63356310559,-861.452704713399,1806.07315398407,-1088.02317639501,1831.33106495598,91.8713055373337,2827.77340938839,0
-81.6299227871492,2337.57514439767,-854.134016067658,1790.72920415012,-1088.02317639501,1831.33106495598,91.8713055373337,2827.77340938839,0
18.5002552565527,2119.91927689604,-141.632611720868,2315.67273233873,-973.427258179733,2471.18906056026,-857.147593745316,1797.04730114057,-1061.05939192103,2250.93176210174,0
31.6935700901066,1815.72341440401,-177.552933632113,2256.02392623807,-996.690207064445,2665.76905060094,-813.066549508524,1826.17736982756,-1064.4548669464,2472.9624494577,0
43.9249192606111,1677.42499130899,-195.141708012007,2230.47992902742,-979.389324991884,2765.71013486445,-803.733931302436,1893.47848355167,-1064.4548669464,2472.9624494577,0
76.61983993967,1461.9936388807,-189.650896218904,2167.71966304764,-811.800217194318,2060.87491308018,17.9650151054439,1669.29424489755,-1070.59430735035,2709.39697187422,0
85.8342465860088,1403.37752658114,-203.863915610516,2117.20771392699,-807.228013803073,2159.02939621756,17.9650151054439,1669.29424489755,-905.58182602782,1979.37852106152,-1070.59430735035,2709.39697187422,0
92.4970841847104,1322.76993064453,-222.557518267705,1953.36226826017,-756.876497352255,2400.50556503329,-1058.9409963563,2828.89692508969,0
87.4746180751333,1250.94531902582,-276.263265261048,1744.25760949101,-739.448586608537,2666.36546402826,-1029.46035387695,2907.10635852828,-261.905612129942,2030.0586948171,-814.207186767914,2375.98877573739,0
94.5432103520532,1201.28538714842,-284.435715018432,1613.115099434,-753.681059338541,2812.77600615377,-1038.13933221703,2931.61503729667,-304.131585855562,1840.24141017565,-812.033904645559,2608.48077463473,0
112.906296468824,1172.57672167654,-268.349239725547,1318.97865241964,-1014.79593744296,2947.18140014307,-304.131585855562,1840.24141017565,-812.033904645559,2608.48077463473,0
113.289679478905,1176.55830647001,-251.781057580306,1184.53674448864,-1031.39991332027,2995.40284749864,-337.70703264436,1373.31753383997,0
123.657172045634,1176.51940222067,-159.105892049693,950.779319881891,-928.12509573764,3463.8100130726,-996.88882385358,3068.10832156817,-337.70703264436,1373.31753383997,0
99.7061697033209,1139.64673461696,-113.688313423665,863.548474256589,-952.712905022379,3555.57296657006,-1014.81180952733,3123.26959951328,-259.073278997641,1021.43288102249,0
95.086915337695,1086.84841561809,-42.5508320557953,695.699954500041,-1011.57430953237,3208.30382231704,-259.073278997641,1021.43288102249,0
110.591114137177,1052.20416529963,-11.0648256812377,633.903438729152,-1025.10607051007,3251.22108510071,-259.073278997641,1021.43288102249,-1053.21883302019,3017.77355022725,0
48.0228142539596,548.903278648552,-1011.31372663595,3307.85815087614,-77.4501189610473,757.909113543609,18.8804890068022,1138.85874297403,-1051.40083484612,3666.05522532053,0
72.5725628743487,551.243342923839,-1042.54700688131,3306.5366682441,-77.4501189610473,757.909113543609,18.8804890068022,1138.85874297403,-1051.40083484612,3666.05522532053,0
90.1159927999301,538.511938439328,-1042.24630108181,3305.58295129335,51.6389944065202,1030.6016974043,-1082.96948730038,3692.0928334024,0
96.8956831381472,549.522726180812,52.8593158053734,1008.61583010212,-1009.26712470289,3301.1640175844,-1082.96948730038,3692.0928334024,0
109.652363929459,538.958587541456,53.1733315428311,1014.60760731065,-1016.86878902568,3326.02794123944,-1060.27851785604,3702.1446614824,0
109.652363929459,538.958587541456,53.1733315428311,1014.60760731065,-1016.86878902568,3326.02794123944,-1060.27851785604,3702.1446614824,0
126.527387209901,527.024496855541,72.888499931168,926.136203038076,-992.349614395506,3350.11615362947,-1104.63577630351,3684.69636575817,0
126.527387209901,527.024496855541,72.888499931168,926.136203038076,-992.349614395506,3350.11615362947,-1104.63577630351,3684.69636575817,0
109.054260126207,536.018813427594,-985.817261467315,3328.0632997275,46.9192116808708,998.465833883732,-1104.63577630351,3684.69636575817,0
106.462476978783,523.279792267523,-980.989000607349,3311.76336423474,67.8303051375101,956.513026569834,-1074.42472927005,3721.89194597649,0
113.727694877314,535.046737601392,-973.036570955639,3284.91641165843,49.6462588785837,928.674219519531,-1063.68670199249,3690.63882466398,0
107.858052519704,530.139265199869,-940.750295403418,3280.78616823748,49.6462588785837,928.674219519531,-1063.68670199249,3690.63882466398,0
99.6022955865565,512.409389759681,-938.269559201065,3272.13481297404,44.9941710386736,930.506725653153,-1092.89243210979,3657.48741234862,0
99.6022955865565,512.409389759681,-938.269559201065,3272.13481297404,44.9941710386736,930.506725653153,-1092.89243210979,3657.48741234862,0
88.3869224324676,501.267146283214,42.6161414559335,976.070112485475,-1052.47029826496,3338.00932761879,0
88.3869224324676,501.267146283214,42.6161414559335,976.070112485475,-1052.47029826496,3338.00932761879,0
105.411227244604,495.920833572039,53.5920191927746,1022.59664358868,-911.282862426856,3285.9798454414,-1103.15325096732,2950.51739613245,-1142.16860739337,3217.40859557451,0
96.1677336697786,494.740100457623,27.852272999577,1063.63539377399,-912.351815931169,3289.83436725424,-1055.17483973478,2822.19330620542,-1142.16860739337,3217.40859557451,0
96.1677336697786,494.740100457623,27.852272999577,1063.63539377399,-912.351815931169,3289.83436725424,-1055.17483973478,2822.19330620542,-1142.16860739337,3217.40859557451,0
155.555778870586,623.900151995466,61.5369278511358,1006.11987680924,-931.654262661457,3249.06453227152,-986.586965098212,2570.1469141468,0
182.777402959742,706.747777476019,61.4758793116009,1005.12174201082,-917.872394870607,3201.0014474746,-950.462832738195,2542.12832162015,-1093.16054651764,2713.68449107366,0
273.41496442745,1057.21722329289,62.5137044836935,1022.09003358399,-846.076698663761,3050.8540148585,-927.34914557507,2480.30795712976,116.133263735265,714.480989088614,0
273.41496442745,1057.21722329289,62.5137044836935,1022.09003358399,-846.076698663761,3050.8540148585,-927.34914557507,2480.30795712976,116.133263735265,714.480989088614,0
268.086638504046,1379.18619274397,53.4350113240458,1019.60075498442,-796.379026549799,2688.53053657041,-968.296241005593,2458.16321460851,-877.349597031348,3028.67978438204,0
312.409553231748,1535.54201214084,53.4350113240458,1019.60075498442,-800.478838280375,2538.79452289178,-959.866712790934,2436.76361054492,-877.349597031348,3028.67978438204,0
312.409553231748,1535.54201214084,53.4350113240458,1019.60075498442,-800.478838280375,2538.79452289178,-959.866712790934,2436.76361054492,-877.349597031348,3028.67978438204,0
321.596425039155,1823.86395857861,77.1506599610028,1103.30583958737,-852.604606614616,2110.27045299401,226.344900046524,1476.69537867498,-1035.92681509409,2377.57653200522,0
296.756180181318,1873.64478210898,88.6604781287835,1267.90390788024,-940.357499606868,2449.71503912866,-848.194851313584,1818.95972858256,-917.987874818485,2153.53796654544,0
284.533116424501,1903.85553697169,104.704467089932,1497.34363944,-991.675604105776,2336.24131806229,-826.53001769071,1587.74939138902,-930.441558799683,1810.84357899956,0
174.562533656981,1660.85156526502,-1010.8288897255,2324.74728856629,-826.115592899758,1490.35198096553,46.8216974299071,1351.9247681677,274.295346003148,1902.07139639211,-930.441558799683,1810.84357899956,0
212.256025814825,1862.9472293936,-1053.03014279309,2207.72360551976,-821.890242298187,1341.20297852899,46.8216974299071,1351.9247681677,-930.441558799683,1810.84357899956,0
232.51940107928,2040.79659155971,-1050.77563885342,2154.4093289791,-829.053295679149,1301.35300088928,105.17363336826,1876.79598708895,0
292.810443447759,1959.24042531996,209.871028536361,2398.83683300492,-1070.45964150391,1931.16031336379,-822.938045100279,1243.32376070215,-915.789183662527,1475.24901413046,105.17363336826,1876.79598708895,-1113.67914337158,2166.52195585408,0
313.651102405663,1980.31512289325,257.729228526883,2676.62037740934,-2329,4033.94633082792,-825.927918426293,1224.4884946638,-1190.44692478874,1807.7922813236,0
326.464164392421,1950.87291984064,269.709947591911,2801.04490220524,-821.454375198527,1217.85619408336,-1198.69289245906,1534.25693727229,-1190.44692478874,1807.7922813236,0
326.464164392421,1950.87291984064,269.709947591911,2801.04490220524,-821.454375198527,1217.85619408336,-1198.69289245906,1534.25693727229,-1190.44692478874,1807.7922813236,0
409.84769683184,2211.34028711133,314.003503656031,2987.54377368629,-826.953105910256,1203.22423538814,-1132.07795667966,1132.07795667966,-1193.18874347321,1644.04115918713,241.71037099767,2719.5,0
494.43247735465,2430.21326745966,347.081053412402,3046.29130950442,-819.067151109293,1169.74911924468,-1124.25701799591,926.765966944702,-1200.00470697832,1192.74645756204,0
519.552837091216,2553.68378024188,326.755976174685,3108.87544492122,-830.985929622355,1164.99930676789,-1104.49932648806,817.286508996343,-1200.00470697832,1192.74645756204,388.612066172905,2262.23087912477,0
572.185971777357,2812.38390226178,330.51900085232,3144.67823315448,-852.266000612209,1110.69467640773,-1085.44479076118,691.504595942362,-1170.97797151472,909.391282871296,516.646507895975,2611.06948777216,0
592.920236956745,2914.29607154235,331.459757021729,3153.62893021279,-880.419227078722,1087.2272000783,-1069.38864925325,668.228192198071,0
592.920236956745,2914.29607154235,331.459757021729,3153.62893021279,-880.419227078722,1087.2272000783,-1069.38864925325,668.228192198071,0
560.501669502862,3349.42590282044,334.804667846294,3185.45363086458,-935.701750005748,1003.4172786215,-1079.9336785192,623.5,595.674408421303,3116.23603291661,0
363.155909767444,3187.37851301049,-924.895669792004,924.895669792004,-1073.1485730939,607.158249607575,-1186.6727112022,772.496456050837,-1010.13764137553,1158.17213399564,595.674408421303,3116.23603291661,0
368.023647959464,3230.10210280459,-944.437431057999,896.237657553268,-1095.00612237681,594.539815283472,-1186.6727112022,772.496456050837,-1010.13764137553,1158.17213399564,595.674408421303,3116.23603291661,0
368.023647959464,3230.10210280459,-944.437431057999,896.237657553268,-1095.00612237681,594.539815283472,-1186.6727112022,772.496456050837,-1010.13764137553,1158.17213399564,595.674408421303,3116.23603291661,0
379.683578977559,3332.44000393927,-939.613427377351,816.793491093182,-1075.43016810217,571.816363473215,428.335067013952,3755.45735105578,0
381.155220756542,3345.35643806307,-940.622179447238,803.367235784437,-1078.07901088075,573.224778161573,428.335067013952,3755.45735105578,0
356.546588205966,3392.31418510118,-958.111516656039,818.304540896032,-1069.20782902604,544.788599687456,408.837719970205,3773.05477961832,0
359.159799787657,3417.17723248539,-958.871922621639,818.953988944362,-1020.94946898813,531.472653833524,-1165.61699291864,682.028490725101,408.837719970205,3773.05477961832,0
359.47338517746,3420.16079817149,-949.424651920247,825.322258470058,-997.036300566784,508.015369208553,376.883434929091,3739.96514880275,0
359.891499030531,3424.13888575297,-909.011186050083,624.746079328091,-1126,650.443852606842,-1053.24350710256,937.885948211983,376.883434929091,3739.96514880275,0
359.577913640728,3421.15532006686,-868.661258086193,619.610053743573,-1072.9577853289,833.021396943772,356.152834902123,3755.65738945435,0
329.709388669571,3424.1629223831,-828.724802558411,683.148008578319,-1072.9577853289,833.021396943772,356.152834902123,3755.65738945435,0
327.504936361606,3401.26880982065,-808.793238480706,741.122457754379,-1093.58769978961,970.043271648812,380.245245051405,3781.04549243978,0
297.288238512262,3398.02011519094,-748.261944958257,924.026548172338,-978.419971735629,806.547183312205,380.245245051405,3781.04549243978,0
293.453385831365,3354.18754847491,-698.616099475574,997.727189943992,-971.475350485139,800.822479329705,-1093.58769978961,970.043271648812,380.245245051405,3781.04549243978,0
293.453385831365,3354.18754847491,-698.616099475574,997.727189943992,-971.475350485139,800.822479329705,-1093.58769978961,970.043271648812,380.245245051405,3781.04549243978,0
293.366230088617,3353.19135377682,-646.07296139151,1189.9183705443,-952.956360483834,785.556602043039,-1086.48115215969,950.830539801551,402.82299163087,3843.55420474495,0
263.936398028471,3353.62991067824,-699.19197314307,1402.36214463037,-942.234665036343,790.628759914444,372.443050736375,3849.84854922916,0
291.535959490916,3332.27126511689,-580.537943131287,1473.78142768353,-925.414060135238,790.378274817834,-1062.51055023929,936.128514155547,372.443050736375,3849.84854922916,0
291.535959490916,3332.27126511689,-580.537943131287,1473.78142768353,-925.414060135238,790.378274817834,-1062.51055023929,936.128514155547,372.443050736375,3849.84854922916,0
221.7282955906,3625.22558786822,-593.815692396563,1546.94276670586,-834.238640703614,942.935252473354,299.33672845688,3300.51326980347,308.656162098527,3818.62642131882,0
221.7282955906,3625.22558786822,-593.815692396563,1546.94276670586,-834.238640703614,942.935252473354,299.33672845688,3300.51326980347,308.656162098527,3818.62642131882,0
264.564070794293,3361.60524934811,28.5183180086859,3267.87556457371,-573.909800500472,1576.80421767875,-791.477636937491,1195.79226884432,-946.882543117098,1067.52161848278,146.39160824737,3568.56521293614,0
264.093316219926,3355.62374534571,1.91773355008584E-13,3132,-579.724142937008,1592.77899223211,-766.382928070664,1301.0600322667,-946.882543117098,1067.52161848278,146.39160824737,3568.56521293614,0
292.320361175645,3341.23701739971,1.76955618127334E-13,2890,-570.475922430515,1610.97430827653,-738.757042123035,1548.83634794436,-845.425079379678,1297.96522329781,65.6471950463992,3181.78779433696,0
263.387184358376,3346.65148934211,1.70465204452075E-13,2784,-676.927765759777,1718.4812480628,0
258.679638614705,3286.83644931812,-44.4338267893237,2545.61223186817,-575.816832178255,1626.05657213401,-842.287161670483,1631.936282682,-25.2272231820091,2856.96072797104,0
223.639254823666,3198.190345133,-42.2173711717887,2418.63157458331,-587.500072251437,1659.04902432223,-842.287161670483,1631.936282682,-25.2272231820091,2856.96072797104,0
220.779239400157,3157.29021907234,-41.3796556627991,2370.6388852158,-587.500072251437,1659.04902432223,-821.81735620024,2115.50820950886,0
206.479162282611,2952.78958876908,-40.8735358761179,2341.64330205627,-595.845243732281,1682.61506159954,-821.81735620024,2115.50820950886,218.258130048827,3202.82769680325,0
198.526924275781,2839.06728703946,-20.4200930661946,2339.91089997016,-600.347676818996,1743.53625340514,-889.448870066439,2519.42504416844,0
198.526924275781,2839.06728703946,-20.4200930661946,2339.91089997016,-600.347676818996,1743.53625340514,-889.448870066439,2519.42504416844,0
108.917610251245,2494.6234092899,-19.9924928267743,2290.91276574002,-623.663828171862,1978.00895585182,125.194335278648,2694.67018576057,-921.483259455134,2598.51826200288,0
108.917610251245,2494.6234092899,-19.9924928267743,2290.91276574002,-623.663828171862,1978.00895585182,125.194335278648,2694.67018576057,-921.483259455134,2598.51826200288,0
36.9118396148543,2114.67787525577,-616.506965434205,2300.83531822056,-900.784538602971,2772.32974500037,-671.812237381206,2090.88089513487,0
36.9118396148543,2114.67787525577,-616.506965434205,2300.83531822056,-900.784538602971,2772.32974500037,-671.812237381206,2090.88089513487,0
60.0620338250044,1719.95161329986,-100.804404201291,2308.80044007567,-671.333260289078,2692.57064041589,-884.676462141571,2805.83526910128,0
56.7465816382668,1625.00948473305,-98.8415317698511,2263.84327010449,-675.590882998989,2814.03854963088,-887.984225936118,2816.32615555951,0
63.0300147429109,1443.62468018578,-95.7009358795469,2191.9117981506,-713.094842270051,3088.7531053692,-900.613869515297,2856.38226749094,0
47.079421051674,1348.17822564876,-110.010180022667,2099.11928205411,-732.215213952602,3302.80939208673,-887.348123833506,2902.38493434781,0
34.4226870248532,1314.54938234286,-150.249168318823,1909.09669409894,-787.328690203527,3410.29522674832,-862.46928635139,3007.787846591,-123.411408766073,2223.15655230975,0
33.6635555239249,1285.55931991857,-173.193274804045,1798.68093044949,-767.061991796636,3459.99304923304,-892.78939549126,3113.52663314421,-207.92904073546,2004.44022473624,0
54.0008015582862,1236.82169831834,-187.556919500522,1527.52852737599,-771.390784075398,3479.51896937544,-949.019416077928,3309.62401911563,0
63.1171632289904,1204.34721891402,-129.928879841693,1236.19071594276,-775.936015968099,3500.02118552496,-962.058153881725,3469.06963155104,-249.871726535674,1659.94117978128,-939.150187168553,3198.75755067525,0
63.1171632289904,1204.34721891402,-129.928879841693,1236.19071594276,-775.936015968099,3500.02118552496,-962.058153881725,3469.06963155104,-249.871726535674,1659.94117978128,-939.150187168553,3198.75755067525,0
46.6313370124631,889.778915466325,-782.212764772303,3528.33376973144,-1057.34489691401,3687.39986561939,-161.859708928503,1273.43640032625,-1023.32132481472,3414.20983190894,0
46.6313370124631,889.778915466325,-782.212764772303,3528.33376973144,-1057.34489691401,3687.39986561939,-161.859708928503,1273.43640032625,-1023.32132481472,3414.20983190894,0
288.225654507157,618.101910758995,72.8309076650843,1190.77481451729,-790.221030488013,3564.45672199488,-1065.06274287688,3714.31519310566,-26.6290646734553,975.330361355274,0
397.247042078008,433.519074044353,82.312639018068,1177.12557930659,-773.639401532882,3639.68722233049,-1061.75509460708,3702.7800527544,0
448.313882948265,369.561445981381,88.9726145553762,1130.50425645337,-780.916310711503,3673.92238835617,-1069.19730321414,3728.73411854474,338.418197275507,536.788007471454,0
448.313882948265,369.561445981381,88.9726145553762,1130.50425645337,-780.916310711503,3673.92238835617,-1069.19730321414,3728.73411854474,338.418197275507,536.788007471454,0
570.734219399971,278.365678211064,166.759139732886,1052.87577107442,-1099.13938400418,3710.63237393991,15.106633804166,1187.36244838738,-830.766852726127,3711.92579830291,0
570.734219399971,278.365678211064,166.759139732886,1052.87577107442,-1099.13938400418,3710.63237393991,15.106633804166,1187.36244838738,-830.766852726127,3711.92579830291,0
660.925846868521,208.389119056461,313.778447679745,886.083001626648,-1095.73119986773,3699.12653712149,182.986744848899,1058.15818524028,0
683.512234106944,176.768282862436,447.781778277058,716.60064125218,-1097.15127659125,3703.92063579583,182.986744848899,1058.15818524028,0
698.623336451014,161.289905964551,515.413400269817,636.482542433259,-1102.83158348533,3723.09703049319,0
698.623336451014,161.289905964551,515.413400269817,636.482542433259,-1102.83158348533,3723.09703049319,0
706.960278538483,131.027342828854,721.715284592578,367.732304789033,-1081.32534687009,3771.02963316603,-1256.52643936416,3755.36167461655,0
706.960278538483,131.027342828854,721.715284592578,367.732304789033,-1081.32534687009,3771.02963316603,-1256.52643936416,3755.36167461655,0
734.838786477904,109.822392469301,-1121.29258089109,3785.42031325963,-1273.68301374479,3499.41531980672,711.690957202084,443.494378394265,0
759.814728061361,79.8597459364872,-1117.60038140994,3772.95565670634,-1280.00797850335,3423.53685170289,711.690957202084,443.494378394265,0
1278.28046340985,-225.395334611676,744.185319901764,84.7892071121621,-1108.79590572411,3743.23224492543,-1305.50397805445,3231.23573316525,0
1278.28046340985,-225.395334611676,744.185319901764,84.7892071121621,-1108.79590572411,3743.23224492543,-1305.50397805445,3231.23573316525,0
1471.46370204957,-408.073000271498,803.896775477432,42.1304447755698,-1127.6776651156,3688.46744374943,-1273.6624176141,3152.42510552708,0
1471.46370204957,-408.073000271498,803.896775477432,42.1304447755698,-1127.6776651156,3688.46744374943,-1273.6624176141,3152.42510552708,0
1579.35296642666,-452.87217560733,913.768670037999,-63.8969299496188,-1131.25521773507,3587.88316871483,-1259.05276047088,3116.26493519897,-1323.23676793553,2896.44665503351,0
1579.35296642666,-452.87217560733,913.768670037999,-63.8969299496188,-1131.25521773507,3587.88316871483,-1259.05276047088,3116.26493519897,-1323.23676793553,2896.44665503351,0
1579.35296642666,-452.87217560733,913.768670037999,-63.8969299496188,-1131.25521773507,3587.88316871483,-1259.05276047088,3116.26493519897,-1323.23676793553,2896.44665503351,0
1672.62236023519,-575.93006523471,1156.21321406801,-309.806396987717,-1163.90615218433,3380.22890776756,-1263.17343299846,3126.46395759921,0
1672.62236023519,-575.93006523471,1156.21321406801,-309.806396987717,-1163.90615218433,3380.22890776756,-1263.17343299846,3126.46395759921,0
1456.23867816176,-618.136645270031,1750.60546751064,-585.7443957238,-1232.17712424709,3128.06386355557,1187.64096346789,-324.248253105313,-1300.44736103999,2933.65735530707,0
1542.53585353638,-719.29628148267,1745.42729055634,-600.998813127911,-1199.55851506862,3045.25670000517,1409.84151105808,-553.530317916146,0
1696.47642205465,-864.397911504097,2519.68275905715,-1148.28558891513,1757.71903203913,-605.231199135854,-1150.41684838027,2847.3816173746,0
1741.81551729602,-945.728662834544,1753.31317343145,-620.880758174814,-1148.43298052763,2772.56247706637,-1308.99211907032,2903.85824273298,0
1832.50975440787,-1058,1764.74274183594,-642.313829165606,-1126.08711230609,2652.89498764993,1639.12497748849,-846.023286496288,-1308.99211907032,2903.85824273298,0
1883.60525323115,-1087.5,1753.46643038651,-638.209587445698,-1106.55055588162,2606.86974497731,-1312.29976734012,2892.32310238172,0
1881.48222504114,-1130.50857442757,1758.13369921924,-657.33925462402,-1100.9461793026,2532.00286537733,-1324.70344835189,2849.06632606449,0
1881.48222504114,-1130.50857442757,1758.13369921924,-657.33925462402,-1100.9461793026,2532.00286537733,-1324.70344835189,2849.06632606449,0
1932.91226308326,-1161.41085892217,1783.13861460966,-684.482783631523,-1106.32366916618,2484.84364478787,-1336.55585465202,2807.73207313915,0
1958.14305402519,-1223.58358111447,1821.41541209604,-699.175869562881,-1093.30809658775,2455.61019014331,-1336.55585465202,2807.73207313915,0
1960.04172006915,-1248.68428979802,1798.07590143361,-690.216670824248,-1087.20704694161,2441.90700827867,-1336.55585465202,2807.73207313915,0
1963.4152858524,-1250.83348823141,1810.59258729302,-713.211387205482,-1150.36690845818,2466.96979631376,-1325.55750745194,2700.86182419054,0
1971.00580886471,-1255.66918470653,1814.31425756495,-714.67739211238,-1193.37676035259,2501.96640821781,-1325.55750745194,2700.86182419054,0
1971.00580886471,-1255.66918470653,1814.31425756495,-714.67739211238,-1193.37676035259,2501.96640821781,-1325.55750745194,2700.86182419054,0
1960.8117878564,-1273.36606386513,1917.53191559182,-853.740213816105,-1181.97800692788,2370.68112388376,0
1969.19849353586,-1278.81245421528,1973.93836016582,-920.462574071243,-1216.33523853734,2439.59106972712,-1255.7617285433,2227.27051527789,0
1963.32779956024,-1274.99998097018,2009.07953714867,-1045.86060897735,-1104.32810519356,2423.22686434423,-1152.39246732554,2078.97104387034,0
1956.61843501667,-1270.64286869006,2034.36543880623,-1127.66717669298,-1101.42525249497,2416.8571354481,-1140.45296519963,2015.74379179681,2222.93173760112,-1331.07001814406,0
2065.09447806561,-1265.49152374203,-1105.98687816419,2426.86670942774,-1090,1887.93538025008,0
2037.01152696774,-1272.86607268816,-1078.25884079395,2421.80900821054,-1073,1858.49051652141,-1219.97852168154,2038.97696847931,0
1985.13323432682,-1289.16059588057,-1059.12654174403,2324.04108581869,-1069.3833307582,1815.45264105029,0
2000.22930454984,-1298.96409851084,-1036.31841339794,2273.99321592048,-1066.8456389434,1811.14449524809,0
2010.29335136518,-1305.49976693102,-1017.6647742716,2182.38915118425,-1061.26271695083,1801.66657448323,0
2078.22566736876,-1349.61552876724,-1004.98622641938,2155.19991757315,-1045.02148933609,1774.0944413491,0
2119.32052519809,-1376.30284148297,-983.287345110147,2061.50478945508,-1045.52902769905,1774.95607050954,0
2119.32052519809,-1376.30284148297,-983.287345110147,2061.50478945508,-1045.52902769905,1774.95607050954,0
2029.67809091149,-1343.41462224955,-1005.85066662725,1852.54647349142,0
2050.52523646317,-1357.21304688235,-1006.32782538751,1853.42529060408,0
-992.967380100245,1828.81841144955,2081.99740998955,-1382.42785831704,0
-846.002481940286,1558.14274074966,2081.99740998955,-1382.42785831704,-1135.92588009891,1766.01074339242,0
2149.75764928916,-1422.89354813449,-760.88807756348,1493.3269345397,-1037.28668286885,1726.33494361405,0
-707.771189093953,1389.07917120967,-1035.74156864412,1723.76344171195,2050.30061499346,-1410.73787703922,-872.492211768571,1581.80120666438,0
-678.261806610883,1331.16374713742,-1021.32050254664,1699.76275729229,2054.9634907622,-1414.51379938552,0
-676.899835111664,1328.49072756486,-1016.68515987245,1692.04825158597,2054.9634907622,-1414.51379938552,0
-669.181996616092,1313.34361665365,-1006.85473420763,1643.03759671034,2054.9634907622,-1414.51379938552,0
-669.635987115831,1314.23462317784,-986.477290183711,1609.78463030053,2100.96045859983,-1506.78327936104,0
-643.417246504344,1290.49534943012,-960.213706790567,1536.66315023544,0
-653.67979620587,1311.07883974697,-959.683787526334,1535.81510213929,0
-653.67979620587,1311.07883974697,-959.683787526334,1535.81510213929,0
-644.755839943674,1293.18015251493,-890.264363911784,1424.7208015428,-1077.12658175319,1573.12668212095,0
-644.755839943674,1293.18015251493,-890.264363911784,1424.7208015428,-1077.12658175319,1573.12668212095,0
-716.06380910384,1291.81330744489,-995.517792533162,1495.45696153269,0
-716.06380910384,1291.81330744489,-995.517792533162,1495.45696153269,0
-562.093019585819,1035.2465587158,-893.183515632713,1361.91771540897,0
-562.093019585819,1035.2465587158,-893.183515632713,1361.91771540897,0
-469.941034348676,883.830540451786,-701.627051004421,1100.69127960176,-742.769846460139,1341.25357807843,0
-423.119145757258,830.418080543559,-608.592138297983,1003.82659751263,-744.191938768644,1332.80102356897,0
-368.948009964709,773.51558868783,-592.623999522794,969.486585943592,-744.191938768644,1332.80102356897,0
-355.421958123928,762.204848897823,-511.680969143021,908.003103897596,-731.345682084669,1319.96726891505,0
-341.658780183672,767.378184419785,-511.680969143021,908.003103897596,-731.345682084669,1319.96726891505,0
-318.445869718758,750.211455563739,-469.411029579656,896.908600040211,-729.144200104018,1310.19631789424,0
-311.412709405951,733.642368201595,-661.676494079536,1259.36309764964,0
-306.72393586408,722.596309960166,-668.527505407108,1257.31737223111,0
-298.110393812405,719.702155826292,-678.914736460106,1255.49711549374,0
-283.20258462243,700.950994052491,-638.420525555782,1220.56939203947,0
-286.948650556589,710.222832598159,-638.420525555782,1220.56939203947,0
-265.807402375936,710.934191639534,-638.420525555782,1220.56939203947,0
-252.775901398707,777.964230329436,-538.26020739052,1113.55740918807,0
-252.773656786491,853.349564032692,-538.26020739052,1113.55740918807,0
-95.1799571994201,775.178544431873,-277.807929857017,705.256516530375,0
-45.664307572073,746.604829219556,-265.909018562613,692.716676460924,0
52.5675941376562,667.934613601196,-258.102839988228,690.327403476069,0
95.6326890008582,639.89326359516,-259.853876894525,695.010764422311,0
162.747002635387,629.29596624577,-248.990664341087,684.096227932141,0
189.444653687692,600.841678971383,-233.432366745781,677.93681870471,0
197.461859405591,607.725113912603,-228.459352611666,682.793031748464,0
208.295480161873,588.208290441519,-211.696882851008,671.416733326752,0
219.580028049686,587.293462658745,-199.397502620906,652.19984356679,0
229.259235170538,567.436518994874,-168.491198361741,628.817712914184,-341.354941964075,789.67725339596,0
235.732994336895,569.109792026953,-150.105368959347,625.233858815706,0
235.732994336895,569.109792026953,-150.105368959347,625.233858815706,0
248.109352276238,557.262729161987,-91.3462160780992,611.211803557665,-269.733168158331,745.787373959821,0
254.621650990931,558.716220318198,-30.0931748396926,574.21198248388,-269.733168158331,745.787373959821,0
263.903302343485,553.284779306465,39.8572206297453,506.434005536429,-199.816674681296,702.942491653113,0
263.903302343485,553.284779306465,39.8572206297453,506.434005536429,-199.816674681296,702.942491653113,0
147.947253356102,469.228739768128,0
177.753094961284,451.252520471282,0
310.878428502267,443.980408004634,0
376.88791437243,376.88791437243,287.316596424965,540.363926829663,0
376.88791437243,376.88791437243,287.316596424965,540.363926829663,0
502.892521020761,314.242123690291,302.041495244332,556.291232315024,0
539.620531482738,305.30260726415,298.642726071744,538.765739597868,0
583.97267897436,278.540679634967,308.5,534.337674134999,0
612.403935299914,279.088552307649,315.688861761558,535.933337794629,0
612.403935299914,279.088552307649,315.688861761558,535.933337794629,0
612.403935299914,279.088552307649,315.688861761558,535.933337794629,0
678.274407058896,267.179394282013,384.411554999277,529.097114321216,0
693.784137443843,245.681848396055,445.521361154506,521.638492401621,0
693.784137443843,245.681848396055,445.521361154506,521.638492401621,0
722.802952384317,234.85291572496,532.425494778756,496.494806125499,0
722.802952384317,234.85291572496,532.425494778756,496.494806125499,0
712.34133070507,231.453728786836,587.068011437008,458.667799117615,0
724.824882568652,228.536407623248,620.098097526767,434.197362317742,464.522594469812,564.046443761261,0
757.99773864016,345.439471132647,0
757.99773864016,345.439471132647,0
739.223576359426,226.003327750676,0
749.74292867502,229.219416502626,0
749.74292867502,229.219416502626,0
1121.57715135469,137.712358047817,743.08529452285,220.11189214554,0
1169.55774895309,122.92547280276,754.591131341268,223.520076281987,0
1169.55774895309,122.92547280276,754.591131341268,223.520076281987,0
1177.12557930659,82.3126390180679,760.304427581603,210.851078725745,0
1168.81584895201,71.4878397953174,771.613669381352,199.55286323139,0
1168.81584895201,71.4878397953174,771.613669381352,199.55286323139,0
875.396972767548,123.029021248698,0
863.51515192795,106.026328762478,0
889.884201340258,85.6861027530802,0
892.298990325549,109.560539721228,0
930.727258892416,65.0827900032689,0
930.727258892416,65.0827900032689,0
1036.3682876188,-36.1907780804935,0
1036.3682876188,-36.1907780804935,0
1135.47279747767,-139.418528855489,1210.95388883071,10.5678344885308,0
1199.49584316887,-211.503480398321,0
1240.58467604997,-252.399804972172,0
1240.58467604997,-252.399804972172,0
1308.9356097912,-338.513765481605,1244.95259421489,-10.8645366954755,0
1331.04578862634,-356.652644151274,1259.95202306086,-10.9954347279512,0
1355.37899127303,-388.648671701969,1267.8068774583,-22.1296513624755,0
1376.86513927073,-407.846034994833,1251.8093143358,-21.850412859479,0
1383.77298187851,-423.0618567338,1250.23792460089,-43.6592703748287,0
1385.68559139044,-423.646600143246,1282.2184310655,-44.7760542693087,0
1385.68559139044,-423.646600143246,1282.2184310655,-44.7760542693087,0
1408.63993625513,-444.142465867811,1289.23072936815,-67.5657195096405,0
1408.63993625513,-444.142465867811,1289.23072936815,-67.5657195096405,0
1422.78054837755,-462.289423584921,1305.9617071904,-102.781415403477,0
1429.43794399162,-464.452542545546,1343.86664772576,-117.573096966591,0
1430.38900050791,-464.761559539921,1355.23201114287,-154.409183579425,0
1441.45195591342,-482.30307773574,1359.78822774861,-166.961000465052,0
1431.96871936136,-479.130031171689,1403.50513198569,-222.293374822168,0
