0,0,240.416305603426,-240.416305603426
1,0.5,231.806395975109,-227.795510897452
2,1,238.820813712432,-230.626578992387
3,1.5,243.725788660129,-231.287137433101
4,2,237.68995302623,-221.649467020312
5,2.5,252.886126525873,-231.727441212171
6,3,254.898675138746,-229.511797981088
7,3.5,259.138679392995,-229.266536682645
8,4,274.714287201089,-238.805486552545
9,4.5,266.142087960011,-227.306816915564
10,5,271.179732864118,-227.546813829035
11,5.5,279.328099186355,-230.260315740551
12,6,296.092611315106,-239.771068989988
13,6.5,292.695450662803,-232.82047410247
14,7,286.835914312847,-224.10077701854
15,7.5,303.854329331543,-233.15562731034
16,8,299.488316267735,-225.680633682018
17,8.5,316.719603083184,-234.360177980028
18,9,317.943678789354,-230.999604150942
19,9.5,319.133283195677,-227.635558638688
20,10,321.926753405574,-225.415539485961
21,10.5,329.650475448806,-226.562494769933
22,11,335.760216884792,-226.473125905652
23,11.5,351.065931090278,-232.365470816376
24,12,357.273661944751,-232.016228916402
25,12.5,364.345104591167,-232.113430805828
26,13,365.50872944342,-228.395202884511
27,13.5,384.540714123696,-235.646852686893
28,14,366.010437399802,-219.921257986593
29,14.5,384.286605556921,-226.362109880474
30,15,396.639634933273,-229
31,15.5,400.363620132354,-226.514837647595
32,16,406.698163819819,-225.436473414547
33,16.5,429.741568091701,-233.330633766949
34,17,422.931896979426,-224.876878574442
35,17.5,439.957373256398,-229.027312164577
36,18,446.394268618372,-227.449240369513
37,18.5,467.155736756257,-232.91525844332
38,19,474.56325644596,-231.459965504633
39,19.5,489.201224117624,-233.337014470096
40,20,491.218820573864,-229.059097863459
41,20.5,495.01893135684,-225.593124004994
42,21,486.919728923506,-216.790630759401
43,21.5,492.461259944812,-214.128250012857
44,22,497.072620864318,-210.994809384208
45,22.5,503.514345218651,-208.562470638974
46,23,483.062788229296,-195.17003516969
47,23.5,489.399640758545,-192.77964525698
48,24,498.531947749506,-191.36848505719
49,24.5,492.689571544657,-184.20908254248
50,25,501.795859499675,-182.638756535907
51,25.5,503.370556243223,-178.252862830834
52,26,488.833103584847,-168.31873585435
53,26.5,479.851769534337,-160.556156140977
54,27,498.35361453866,-161.924905052472
55,27.5,483.534494029351,-152.457840348666
56,28,486.759120785185,-148.817197703873
57,28.5,485.162785843306,-143.711764420185
58,29,484.475894752913,-138.921227331768
59,29.5,491.451531136398,-136.291571799911
60,30,478.133284013089,-128.115427325748
61,30.5,491.819001312079,-127.193042059656
62,31,476.415201601514,-118.783650739437
63,31.5,496.881029323213,-119.290580930368
64,32,492.056882716544,-113.600282443652
65,32.5,473.503563453168,-104.97321275998
66,33,494.942685971306,-105.203315553786
67,33.5,475.263481741102,-96.6934481923406
68,34,490.813591723832,-95.4044976882724
69,34.5,479.82839489121,-88.930936440168
70,35,477.631760210921,-84.2193661684612
71,35.5,486.238801557855,-81.3684696893141
72,36,487.918040253998,-77.2786257298741
73,36.5,478.683677867168,-71.5397549867315
74,37,478.299477202178,-67.2206077637116
75,37.5,469.944864291186,-61.8694151123044
76,38,500.243260427226,-61.4221490761943
77,38.5,487.843781137204,-55.5827779600422
78,39,473.392422195298,-49.755548515403
79,39.5,471.817798026043,-45.4308866945862
80,40,482.158233876405,-42.1833794898666
81,40.5,478.520320191901,-37.6603659493656
82,41,480.825872225235,-33.6226203446684
83,41.5,473.115894451965,-28.9370077395222
84,42,481.339435751705,-25.2259309090989
85,42.5,474.547905251382,-20.7192089985346
86,43,474.71064283407,-16.577260933688
87,43.5,467.839628088561,-12.2508118080846
88,44,478.927045979911,-8.3597026834588
89,44.5,479.981723070802,-4.18873703921949
90,45,485,0
91,45.5,481.981646916931,4.20619011021624
92,46,472.927959808973,8.2549882448351
93,46.5,483.83414528817,12.6696429810106
94,47,489.701505239357,17.1007533842255
95,47.5,486.536483910365,21.2426416469186
96,48,469.35588133465,24.5978994341836
97,48.5,475.112164048809,29.0591048185919
98,49,480.825872225235,33.6226203446684
99,49.5,490.483328196699,38.6018750980997
100,50,494.112570253506,43.2292484028385
101,50.5,483.762552406449,46.5810357248289
102,51,486.321206835086,51.1144185378825
103,51.5,481.882350003145,54.9035586774348
104,52,477.414698939476,58.6191541778759
105,52.5,486.799426934541,64.0883603800453
106,53,480.280013339662,67.4989539656317
107,53.5,501.431042724492,74.9393714427126
108,54,484.954975232213,76.8093223347534
109,54.5,484.266230354781,81.0383744775927
110,55,480.586183469958,84.740310701462
111,55.5,484.74466942903,89.8421140676287
112,56,487.868710173489,94.8320707021428
113,56.5,488.982427605794,99.4845992741814
114,57,491.03009556837,104.371668790515
115,57.5,483.266523524367,107.137608899361
116,58,481.338812003906,111.125820845869
117,58.5,489.102069960031,117.42301801952
118,59,492.910228948206,122.896322964631
119,59.5,478.264934346785,123.687722002894
120,60,492.622171407425,131.997713002286
121,60.5,487.597009323563,135.222618295598
122,61,495.049773408234,141.953238245755
123,61.5,487.080425313042,144.279795109593
124,62,473.370854201703,144.723993837755
125,62.5,488.303078783092,153.961369346188
126,63,483.136710277938,156.980633142473
127,63.5,489.335006086399,163.729202705028
128,64,482.214473555652,166.03975877315
129,64.5,475.091311510458,168.238657053821
130,65,474.544773496884,172.720172379463
131,65.5,483.322849652173,180.707008729885
132,66,492.930465190523,189.218277359919
133,66.5,488.469223190563,192.413144030256
134,67,478.426868956462,193.297002202611
135,67.5,485.036754568426,200.908801991672
136,68,486.026562622888,206.306035842337
137,68.5,491.544199870427,213.729500943932
138,69,478.697819804723,213.130000971719
139,69.5,493.199008815086,224.763737519682
140,70,490.312512786828,228.636479601718
141,70.5,491.006394686324,234.198036663713
142,71,484.449990955251,236.282048119313
143,71.5,485.054423988298,241.839214705516
144,72,485.598555682661,247.424822358053
145,72.5,495.839055746626,258.117474798384
146,73,495.333599593858,263.373546722885
147,73.5,486.864680414729,264.345953183823
148,74,497.658613362316,275.856673920166
149,74.5,490.010256814164,277.234464338252
150,75,491.902429349561,284
151,75.5,494.575138093436,291.327020339444
152,76,502.300038211438,301.812311897292
153,76.5,489.415454339249,299.914176146955
154,77,492.715943866883,307.883092519492
155,77.5,494.227387246351,314.857570491239
156,78,495.654305655746,321.881669693881
157,78.5,496.162064129965,328.402506260675
158,79,491.61928052514,331.601391758153
159,79.5,479.641441778013,329.648429890253
160,80,488.214618396239,341.851556065223
161,80.5,496.610466197355,354.228802983673
162,81,499.972502523718,363.251285916748
163,81.5,502.410537885761,371.764241719588
164,82,491.160838679085,370.11623923851
165,82.5,502.192664404352,385.34598456252
166,83,496.446774772235,387.866729455165
167,83.5,494.608355130726,393.429250354976
168,84,500.481999178289,405.282331836095
169,84.5,492.296484201365,405.817904537213
170,85,494.86471025486,415.240795857504
171,85.5,495.78468957122,423.44012751128
172,86,500.372451687698,434.967136220706
173,86.5,485.323307071273,429.377791243798
174,87,488.989295164125,440.287938984129
175,87.5,490.289428978732,449.267488064414
176,88,498.051870802655,464.440883202561
177,88.5,491.078449175319,466.016047744671
178,89,499.221821435024,482.092909098544
179,89.5,482.157303628227,473.814662666699
180,90,488.610785799904,488.610785799904
181,90.5,487.131938688396,495.709062162156
182,91,480.008933987167,497.063802034008
183,91.5,492.173521621034,518.642675273786
184,92,493.084814325186,528.76872627066
185,92.5,487.776129898507,532.31423717691
186,93,489.803603854684,543.982012249453
187,93.5,480.39953495641,542.992897572027
188,94,482.203386308023,554.711541463737
189,94.5,486.436588199307,569.544068234423
190,95,481.447919655218,573.767287896115
191,95.5,489.780229613878,594.150929208544
192,96,482.059419544176,595.29380647604
193,96.5,485.561416577343,610.434362344883
194,97,487.603888457921,624.104516856524
195,97.5,485.18285891995,632.302612212114
196,98,486.266538706855,645.297492118213
197,98.5,485.375393989095,655.947198263649
198,99,481.983906879828,663.393935387457
199,99.5,476.176423682971,667.574725052182
200,100,484.098512280283,691.364325379909
201,100.5,480.312488912258,698.859007951469
202,101,484.820247309137,718.775575405221
203,101.5,487.360358030547,736.321180885309
204,102,482.550185023314,743.062123199646
205,102.5,482.495048295448,757.365518339971
206,103,485.935965301849,777.660104175443
207,103.5,484.356169491685,790.397432356243
208,104,506.797465711493,843.452623890878
209,104.5,484.699136627473,822.855848221657
210,105,467.5,809.73375253845
211,105.5,452.044828174983,798.986528872828
212,106,448.933708348108,809.897848811081
213,106.5,440.417535719619,811.148194986994
214,107,429.097008386304,807.014099873059
215,107.5,415.573751911531,798.309749860399
216,108,408.137459265853,801.014865245343
217,108.5,408.270998995475,818.864940865853
218,109,393.657289816592,807.117053576652
219,109.5,389.612542611507,816.839682336624
220,110,374.43977990226,802.988699314472
221,110.5,366.174133265459,803.495802183988
222,111,365.249505482069,820.363820963056
223,111.5,351.297929723142,807.929925533294
224,112,340.717544042647,802.680232210528
225,112.5,334.848003319454,808.394590947376
226,113,329.653802206003,815.921792018773
227,113.5,313.725050075998,796.437438192613
228,114,315.363795599864,821.550775317538
229,114.5,300.127725739364,802.728066185877
230,115,294.479343403401,809.075346496667
231,115.5,289.744353814913,818.212814268011
232,116,279.011908369783,810.309419288614
233,116.5,268.122434662303,801.333488649238
234,117,260.501326258081,801.740643236814
235,117.5,257.103458576154,815.427992889734
236,118,246.76171878599,807.121214032802
237,118.5,240.560996964222,812.12031543336
238,119,234.567389800266,818.033703243509
239,119.5,224.747474281814,810.413211148452
240,120,220.513826427348,822.968803998286
241,120.5,208.816923381404,807.435132075342
242,121,201.520939034523,808.256339987905
243,121.5,194.693433455825,810.956513611662
244,122,188.284032485815,815.547744225242
245,122.5,179.644879568625,810.325685909545
246,123,174.229996905282,819.687689414929
247,123.5,165.076649697439,811.377655426047
248,124,160.470365111674,825.548461279485
249,124.5,150.162073005529,810.202043832699
250,125,145.343524707221,824.284089271218
251,125.5,135.339036805756,808.75419326053
252,126,129.527737053311,817.805946012774
253,126.5,119.873432426114,802.091865186515
254,127,116.070366200695,825.88356933047
255,127.5,107.162003812662,813.976231187898
256,128,100.176600279031,815.872936649167
257,128.5,92.4870256483797,811.748206087772
258,129,86.5495675856171,823.46412936493
259,129.5,77.2516765313006,802.289335883946
260,130,70.8576188538461,809.906289548589
261,130.5,65.1995085498392,828.438304332229
262,131,57.1305519964387,817.004957162796
263,131.5,49.6324626418387,811.483591116978
264,132,42.4967964692705,810.887182220714
265,132.5,35.6370394774797,816.222397032378
266,133,28.8967832696709,827.495604771811
267,133.5,21.3342128709166,814.720719855079
268,134,14.223711246386,814.875871552459
269,134.5,7.11212643117473,814.9689672973
270,135,4.95965573298063E-14,810
271,135.5,-7.19939178615836,824.968586527941
272,136,-14.4331401236334,826.874043894336
273,136.5,-21.3603898192244,815.720377180055
274,137,-28.5477883026456,817.50169650162
275,137.5,-35.8115170269408,820.218589918705
276,138,-42.9678200754567,819.874848033505
277,138.5,-49.9987538790479,817.472399907509
278,139,-57.4793343651593,821.992777414095
279,139.5,-64.728753975472,822.456800329831
280,140,-71.6420205385751,818.872041831415
281,140.5,-78.6893628191039,817.220278859454
282,141,-86.549567585617,823.46412936493
283,141.5,-93.2794481447551,818.703209077508
284,142,-101.151555026272,823.813305862297
285,142.5,-107.423056197102,815.959120910646
286,143,-114.261115888214,813.010084436829
287,143.5,-123.864286526614,828.795293497286
288,144,-129.684171518352,818.793634353369
289,144.5,-138.80503652883,829.466190892812
290,145,-144.301635641219,818.375242753145
291,145.5,-152.71337036242,823.967612538594
292,146,-161.80602807931,832.419851563619
293,146.5,-165.874121435108,815.29735424453
294,147,-173.606261832829,816.753246612728
295,147.5,-182.458594549821,823.017534002104
296,148,-189.408787757534,820.419594549168
297,148.5,-196.560996366672,818.735472974844
298,149,-203.94015799052,817.959297250665
299,149.5,-211.070343417894,816.148460838745
300,150,-216.890359795912,809.445842430239
301,150.5,-227.954334794753,821.976776586955
302,151,-236.772488646802,825.723796811016
303,151.5,-239.708950930111,809.243856228755
304,152,-252.316781175722,825.2910043961
305,152.5,-253.494988982102,803.983389480755
306,153,-267.608717128704,823.614943111603
307,153.5,-274.151223133999,819.351638098156
308,154,-284.546566995555,826.383235073803
309,154.5,-289.410546955679,817.270172776919
310,155,-301.66176641324,828.808891533171
311,155.5,-299.777518358104,801.791393996628
312,156,-314.647059700774,819.683614464543
313,156.5,-322.521079517382,818.767459824182
314,157,-336.022114294073,831.683917546408
315,157.5,-335.996053616549,811.16622954491
316,158,-350.095091126389,824.772348693387
317,158.5,-359.272911101647,826.271127020997
318,159,-368.503398626675,827.672184624196
319,159.5,-371.56514541999,815.325298705383
320,160,-379.088580781407,812.958084971875
321,160.5,-387.459987127466,812.326755914874
322,161,-397.602630137693,815.206199993344
323,161.5,-405.593812116816,813.495334696241
324,162,-416.309288261164,817.052982680733
325,162.5,-425.732221402701,817.823988190321
326,163,-438.016968079236,823.790104137379
327,163.5,-443.280488281176,816.421097662966
328,164,-456.205852651803,823.017144418171
329,164.5,-460.416028696742,813.782575703806
330,165,-475,822.724133595217
331,165.5,-485.714213353394,824.57910654254
332,166,-491.861361539102,818.594772170517
333,166.5,-504.211114950891,822.797758601699
334,167,-517.731121155841,828.542989944828
335,167.5,-525.479016963193,824.836834005002
336,168,-537.014088524817,826.929179994188
337,168.5,-545.865678473626,824.713078024429
338,169,-555.837746049922,824.063347119711
339,169.5,-553.378893475561,805.171286283709
340,170,-550.633378897004,786.385962517432
341,170.5,-548.183590191127,768.525049328365
342,171,-548.403640388877,754.812855751826
343,171.5,-540.693913156969,730.705886301051
344,172,-549.45711613782,729.154220673178
345,172.5,-543.623956104788,708.464532880073
346,173,-539.319452385277,690.297420159489
347,173.5,-544.077792421279,683.99952908901
348,174,-550.026021777558,679.225570313393
349,174.5,-545.755112998321,662.053892546664
350,175,-550.868981501364,656.500087752964
351,175.5,-542.938568404033,635.699387241626
352,176,-553.057761438998,636.220176127797
353,176.5,-550.637260067278,622.382203975661
354,177,-550.025358426981,610.865046542418
355,177.5,-556.010740867688,606.779248194732
356,178,-557.874658531124,598.247327924482
357,178.5,-552.060369706391,581.750245551855
358,179,-546.001479180772,565.40108306618
359,179.5,-557.222865118381,567.034107077574
360,180,-553.664609669067,553.664609669067
361,180.5,-589.727055509581,589.727055509581
362,181,-577.732863814887,567.736504082879
363,181.5,-580.507218873292,560.589304960411
364,182,-577.397999325781,547.930242252228
365,182.5,-583.620253892098,544.234691329874
366,183,-578.762709395947,530.338312978293
367,183.5,-570.735225966639,513.892305683603
368,184,-570.70425924122,504.916476740392
369,184.5,-585.654634252871,509.101806496634
370,185,-580.950157718424,496.17830892426
371,185.5,-575.299376782353,482.733494874591
372,186,-574.088690040464,473.242195886656
373,186.5,-575.865157439615,466.32640976793
374,187,-588.521333953015,468.13100675149
375,187.5,-584.703979176188,456.820814691638
376,188,-583.114705114058,447.43965032141
377,188.5,-583.802557844571,439.926781924147
378,189,-574.75765534131,425.298292527209
379,189.5,-588.964371904962,427.90766366892
380,190,-586.977288734906,418.686831067588
381,190.5,-584.055407578051,408.959999118296
382,191,-575.240079658167,395.351553373533
383,191.5,-590.27475165919,398.145347271172
384,192,-580.384532158749,384.148141777192
385,192.5,-573.65066847467,372.533099950279
386,193,-590.37401206902,376.109725842777
387,193.5,-586.00123444409,366.174211585145
388,194,-586.616433075615,359.479012524573
389,194.5,-594.016939386564,356.921385912668
390,195,-585.046199939796,344.618548450318
391,195.5,-590.629325380987,341
392,196,-583.138316279733,329.923785269323
393,196.5,-583.371344661977,323.368016704307
394,197,-591.443916821503,321.127845654716
395,197.5,-577.447725729738,307.034402061973
396,198,-595.184269062587,309.833319480708
397,198.5,-588.955312488511,300.08772032784
398,199,-579.02253195651,288.689985082046
399,199.5,-581.519747955561,283.626131972533
400,200,-585.77784954306,279.401701828584
401,200.5,-592.725292721969,276.392343178417
402,201,-592.38478734063,269.965300969212
403,201.5,-592.891002010048,263.972081356194
404,202,-591.503747978405,257.193149456784
405,202.5,-583.600077088847,247.7235354622
406,203,-590.359021274712,244.534713281292
407,203.5,-585.053012231643,236.37676044544
408,204,-590.815155668586,232.728278969929
409,204.5,-595.624312105215,228.638751809902
410,205,-582.610101712503,217.828991143389
411,205.5,-592.946043715908,215.814710438497
412,206,-580.667158512782,205.625025288003
413,206.5,-580.548405417981,199.898846836694
414,207,-579.425753330988,193.873145063511
415,207.5,-583.948701005224,189.736434546218
416,208,-588.443358611656,185.535478294137
417,208.5,-578.564377357636,176.884881357256
418,209,-580.085939595257,171.829283545873
419,209.5,-586.369634522375,168.138787048369
420,210,-588.778206910469,163.282647783815
421,210.5,-592.112531515199,158.656074647845
422,211,-590.570060630646,152.731802473209
423,211.5,-586.058618670702,146.120824942199
424,212,-591.200911601787,141.93478122439
425,212.5,-597.288849713349,137.894996312789
426,213,-586.75390027908,130.0802079768
427,213.5,-582.975970037348,123.915367727385
428,214,-584.035123954014,118.82328891265
429,214.5,-589.957937252046,114.676206221303
430,215,-588.969689630809,109.159079769796
431,215.5,-588.9150363013,103.841610244824
432,216,-593.743932125413,99.3586587281279
433,216.5,-575.822302566965,91.2012931184546
434,217,-594.398533880512,88.833456088896
435,217.5,-578.316552145077,81.2770909606782
436,218,-579.995243903679,76.3578224487302
437,218.5,-591.557506378228,72.6341286694679
438,219,-577.265248148097,65.7710671991538
439,219.5,-567.872002255284,59.6857525258301
440,220,-572.352814061128,55.1113076991288
441,220.5,-575.800535497029,50.3760193081464
442,221,-586.187392235079,46.1339482879728
443,221.5,-604.523814457453,42.2724230889399
444,222,-599.879013851542,36.690172260449
445,222.5,-580.203759692407,30.4071905771504
446,223,-589.438450733296,25.7354385455482
447,223.5,-592.638760422324,20.6954015445831
448,224,-591.79713638553,15.4967533982609
449,224.5,-589.910140142271,10.2969197979973
450,225,-580.977877300284,5.07011712455526
451,225.5,-585,0
452,226,-576.978029608027,-5.03521098256176
453,226.5,-591.909835532584,-10.3318246108718
454,227,-606.791996260163,-15.889407622879
455,227.5,-586.642415460209,-20.4860045643681
456,228,-585.442257846969,-25.5609609960869
457,228.5,-596.181832248481,-31.2445658770375
458,229,-596.884609456276,-36.5070266418444
459,229.5,-584.572533452257,-40.8772936140574
460,230,-580.20588823268,-45.6631937136058
461,230.5,-593.73204006268,-51.9448226776043
462,231,-595.246926623573,-57.3157600070939
463,231.5,-590.746005848754,-62.0899071809862
464,232,-599.123828972982,-68.2615379020477
465,232.5,-576.669314103608,-70.8060885183907
466,233,-588.918247656043,-77.5325581787106
467,233.5,-580.29708828256,-81.5554371625984
468,234,-587.475422836979,-87.7987902109887
469,234.5,-598.539134400653,-94.7992858143799
470,235,-594.730217726951,-99.5237063339886
471,235.5,-601.717537090459,-106.099036554494
472,236,-593.885964168629,-110.070257397257
473,236.5,-582.104919784465,-113.149734258291
474,237,-602.65369334181,-122.611279666576
475,237.5,-595.691888846888,-126.618219708015
476,238,-594.564268336039,-131.811724888305
477,238.5,-584.622038871141,-134.970632606319
478,239,-588.283801840594,-141.234445132823
479,239.5,-596.731871659738,-148.781965793796
480,240,-595.410798832536,-153.983702493481
481,240.5,-596.942160646644,-159.950169873358
482,241,-586.850946004051,-162.748171031658
483,241.5,-588.292157914251,-168.690061760003
484,242,-598.303514557752,-177.225575095248
485,242.5,-599.603081988823,-183.317058861156
486,243,-598.934245069887,-188.843242088684
487,243.5,-599.165605265947,-194.680706456217
488,244,-594.598931814287,-198.950019565993
489,244.5,-593.785665476371,-204.456800999094
490,245,-595.749422370257,-210.965935035743
491,245.5,-579.790347024905,-211.026428431938
492,246,-590.103479226491,-220.630650193464
493,246.5,-595.624312105215,-228.638751809902
494,247,-585.232650260694,-230.529271609583
495,247.5,-577.635541395109,-233.379907698113
496,248,-569.109792026953,-235.732994336895
497,248.5,-544.938873243845,-231.31282806565
498,249,-544.733684184764,-236.856946941596
499,249.5,-528.029274517423,-235.093779697812
500,250,-507.758389149111,-231.398829402181
501,250.5,-507.532360740524,-236.666226574792
502,251,-497.324491676773,-237.211614341371
503,251.5,-485.34878500155,-236.720419266102
504,252,-469.840539841063,-234.25385188265
505,252.5,-458.868359957009,-233.805107365867
506,253,-435.522319090507,-226.718569098402
507,253.5,-429.995477722297,-228.632651076729
508,254,-424.468665415729,-230.467681205391
509,254.5,-417.193600305492,-231.254188857503
510,255,-411.678244179573,-232.91634392894
511,255.5,-399.237711144626,-230.5
512,256,-386.871493038245,-227.884724969356
513,256.5,-391.725456420865,-235.372400233895
514,257,-380.277513301925,-233.034359863313
515,257.5,-367.204825635732,-229.455041412978
516,258,-360.971538807915,-229.964232372441
517,258.5,-350.564297401187,-227.659116636281
518,259,-351.065931090278,-232.365470816376
519,259.5,-350.682893190783,-236.538598168126
520,260,-330.474601637428,-227.128901006858
521,260.5,-321.107601361285,-224.84196304961
522,261,-322.389745269102,-229.958370461532
523,261.5,-321.988763761229,-233.938530412404
524,262,-308.681034477011,-228.411950112515
525,262.5,-299.488316267735,-225.680633682018
526,263,-299.094209289796,-229.503058736288
527,263.5,-273.439731501533,-213.634531938003
528,264,-288.782409878541,-229.707900919282
529,264.5,-284.435421893251,-230.33126312424
530,265,-265.438856685376,-218.810907775551
531,265.5,-268.881599534761,-225.618450999975
532,266,-265.381681994411,-226.657368867234
533,266.5,-258.110676436188,-224.372187914753
534,267,-244.159564977215,-216.01413571833
535,267.5,-251.926095836837,-226.835275555653
536,268,-246.987907831392,-226.322719551246
537,268.5,-232.570477114896,-216.875478499875
538,269,-230.669049981907,-218.896755070614
539,269.5,-230.188736108368,-222.290678546879
540,270,-221.82088968695,-217.982781197254
541,270.5,-214.253354699524,-214.253354699524
542,271,-215.880053404354,-219.681138339488
543,271.5,-210.481486249076,-217.959959502611
544,272,-208.571436435207,-219.788434416723
545,272.5,-198.461522778187,-212.823927171179
546,273,-197.272340623773,-215.284982348556
547,273.5,-194.047875844069,-215.511999388444
548,274,-187.521473645054,-211.954468983288
549,274.5,-192.881354523209,-221.884616585495
550,275,-197.432206692376,-231.163413542409
551,275.5,-187.693982028469,-223.684977390742
552,276,-177.465823457496,-215.283258765174
553,276.5,-175.580389102905,-216.823723246495
554,277,-181.774273898185,-228.521581800905
555,277.5,-171.153890140533,-219.066989502669
556,278,-169.235677264424,-220.552228600963
557,278.5,-167.304576436269,-222.020671793147
558,279,-162.981443569868,-220.256779809118
559,279.5,-166.931011651062,-229.760826402485
560,280,-153.305580307688,-214.926496846068
561,280.5,-149.703449887623,-213.798683559427
562,281,-155.195308917404,-225.810575682432
563,281.5,-140.357418771157,-208.088430711315
564,282,-144.055553166447,-217.644199559531
565,282.5,-143.240066208952,-220.570359369646
566,283,-141.847096603562,-222.655341694602
567,283.5,-137.779008700633,-220.492505000671
568,284,-134.804629696715,-219.981162403356
569,284.5,-127.729442577693,-212.577490574124
570,285,-125.869514014255,-213.684031789498
571,285.5,-129.5,-224.30057958017
572,286,-117.689230864729,-208.015011329636
573,286.5,-116.839118479367,-210.783349420594
574,287,-119.766848825162,-220.583095278153
575,287.5,-114.551061319757,-215.439212657578
576,288,-115.898901921994,-222.639719127734
577,288.5,-112.135653435668,-220.078611474527
578,289,-103.964090454585,-208.519706253272
579,289.5,-105.209075229379,-215.7105711118
580,290,-101.600618846758,-213.010127106567
581,290.5,-100.583146294286,-215.701253314723
582,291,-95.379445810935,-209.291092301605
583,291.5,-96.3965844089646,-216.510273461296
584,292,-98.0922709556106,-225.596778298741
585,292.5,-90.2588906810223,-212.636621147514
586,293,-91.4613403352565,-220.807208270198
587,293.5,-86.1595164856598,-213.252286550361
588,294,-79.5307661991725,-201.900612252099
589,294.5,-78.4825809504208,-204.454113402887
590,295,-74.944379589526,-200.447848499157
591,295.5,-74.9024113883215,-205.792683952114
592,296,-80.7812599345726,-228.119240844307
593,296.5,-69.9971532082887,-203.286493753853
594,297,-68.2205011270948,-203.889585869333
595,297.5,-67.6747217681135,-208.281377068639
596,298,-62.5468062968888,-198.373125755631
597,298.5,-66.660748676784,-218.037484359572
598,299,-59.3592070431198,-200.393324587452
599,299.5,-56.7812952983018,-198.019909363294
600,300,-56.3872973525122,-203.326025627019
601,300.5,-55.9049137421445,-208.639978478439
602,301,-55.584360900086,-214.92877616394
603,301.5,-54.6743484055249,-219.286834138375
604,302,-48.3231903181724,-201.280573522319
605,302.5,-51.2888403904012,-222.156374771034
606,303,-47.6167150663826,-214.785121566385
607,303.5,-41.5823381635519,-195.629520146761
608,304,-42.6647379652802,-209.703886788858
609,304.5,-41.2147430013337,-212.031471624695
610,305,-37.1760472003981,-200.584001143047
611,305.5,-37.6816545537239,-213.703282403649
612,306,-34.4949496248817,-206.133690721281
613,306.5,-33.4769755186094,-211.365304887359
614,307,-30.5965481038294,-204.726283715917
615,307.5,-30.4789091102544,-216.868707054404
616,308,-25.4526074829101,-193.331747967893
617,308.5,-23.2770445903832,-189.576314963493
618,309,-23.0934556086529,-202.688658558024
619,309.5,-21.114749580066,-200.893422864391
620,310,-20.0317622767268,-208.03780545874
621,310.5,-18.3898617197559,-210.197081297358
622,311,-15.2210645712019,-193.401962744227
623,311.5,-14.7883724337546,-211.483578655083
624,312,-12.3318049860411,-201.623229281217
625,312.5,-10.9905508110182,-209.712202298461
626,313,-8.5493999236059,-195.813451430044
627,313.5,-7.15439682401272,-204.875119538915
628,314,-5.13068186834314,-195.932835695209
629,314.5,-3.71736257114136,-212.967559068311
630,315,-1.85875206115364,-212.991889612669
631,315.5,-1.18174513143859E-14,-193
632,316,1.85002552565524,-211.991927689604
633,316.5,3.31595722308386,-189.971062079714
634,317,5.44480524803759,-207.928723594916
635,317.5,6.80540185698764,-194.881211268724
636,318,9.02921318462453,-206.802981867445
637,318.5,10.7812069860464,-205.717684159442
638,319,12.1486593674365,-198.628824885952
639,319.5,13.3932429588721,-191.532297649886
640,320,16.0056555284804,-203.371136081558
641,320.5,18.2155502342606,-208.204691901175
642,321,19.0733047515246,-198.083843475069
643,321.5,20.2785218739247,-192.937247701445
644,322,22.1878298985097,-194.740083712611
645,322.5,25.3488234282707,-206.449599541395
646,323,28.3241837117512,-215.143534918117
647,323.5,27.2779277881728,-194.092541473348
648,324,28.822835170274,-192.858093355574
649,324.5,30.6611551478853,-193.586914756647
650,325,34.6599972307423,-207.119976322819
651,325.5,32.9931537567168,-187.11347307232
652,326,35.7181629964609,-192.717961882535
653,326.5,37.7801810845559,-194.362182322637
654,327,39.6742189490222,-195.005016219545
655,327.5,44.4931018350005,-209.323586557034
656,328,43.2879227876206,-195.259201423987
657,328.5,43.4155534883659,-188.05342250355
658,329,50.8910893205873,-211.976642646694
659,329.5,51.2874418671296,-205.702693970511
660,330,49.324860798725,-190.725085154487
661,330.5,54.6108185166319,-203.810349346993
662,331,59.326919489373,-213.925960612314
663,331.5,58.4351194332038,-203.787479538924
664,332,63.9034525583826,-215.734440345343
665,332.5,67.8302354956749,-221.862703383424
666,333,63.1482178958973,-200.280559657128
667,333.5,65.2025858131139,-200.672924938277
668,334,72.345461660361,-216.217793387013
669,334.5,66.0903353548027,-191.940270846661
670,335,69.0980198613906,-195.126788656081
671,335.5,75.5864516749728,-207.672069193686
672,336,81.2481124521965,-217.307947905628
673,336.5,81.3495245467832,-211.922756814865
674,337,77.698260065551,-197.248524412189
675,337.5,85.035696705412,-210.470734986661
676,338,80.7462042290339,-194.938581359882
677,338.5,84.3979237536831,-198.829048345727
678,339,91.3135367838813,-210.006757034193
679,339.5,92.3292179782066,-207.37481888487
680,340,94.5500593256224,-207.471169759852
681,340.5,89.5950714890283,-192.13725085177
682,341,97.2955078786748,-203.984274263068
683,341.5,98.1951368807534,-201.329866371013
684,342,110.210859838123,-221.0487873157
685,342.5,102.147862441398,-200.476467942383
686,343,106.663929657293,-204.899502464169
687,343.5,109.386874129112,-205.72678913613
688,344,112.609467421268,-207.400838588224
689,344.5,113.445451137643,-204.661011470619
690,345,118.674077984936,-209.755722721516
691,345.5,117,-202.649944485559
692,346,126.377052377215,-214.54566094994
693,346.5,124.124176053323,-206.577319469209
694,347,129.579644049555,-211.454760759815
695,347.5,134.069573851001,-214.556168327576
696,348,132.175703653319,-207.47429566997
697,348.5,137.793675858802,-212.183653690192
698,349,142.951679195823,-215.976427915397
699,349.5,138.120647157274,-204.772280421095
700,350,146.699215363532,-213.448682853102
701,350.5,143.394109087761,-204.788011072248
702,351,141.110818237758,-197.830070960586
703,351.5,154.58752135292,-212.771469520611
704,352,155.843570128851,-210.610497481711
705,352.5,158.879166112141,-210.839774652485
706,353,160.713017258302,-209.445281836886
707,353.5,166.228598337928,-212.762903473815
708,354,171.814039711983,-215.999851291266
709,354.5,169.287185192406,-209.052263631925
710,355,165.380337272219,-200.622391680807
711,355.5,169.695928957246,-202.23573298341
712,356,174.701525000819,-204.549204746408
713,356.5,177.135937827437,-203.771586660148
714,357,184.208373403975,-208.209690379343
715,357.5,184.010916748686,-204.364827006283
716,358,188.489667924769,-205.700376970025
717,358.5,190.277542457437,-204.047682751749
718,359,197.557763224107,-208.182444480527
719,359.5,191.031051876224,-197.818445093129
